animals,month,unit,geo\time	2019 	2018 	2017 	2016 	2015 	2014 	2013 	2012 	2011 	2010 	2009 	2008 	2007 	2006 	2005 	2004 	2003 	2002 	2001 	2000 	1999 	1998 	1997 	1996 	1995 	1994 	1993 	1992 	1991 	1990 	1989 	1988 	1987 	1986 	1985 	1984 	1983 	1982 	1981 	1980 	1979 	1978 	1977 	1976 	1975 	1974 	1973 	1972 	1971 	1970 	1969 
A3100,M04,THS_HD,AT	: 	: 	: 	: 	: 	: 	: 	: 	: 	: 	: 	: 	: 	: 	: 	: 	: 	: 	: 	: 	3512.0 	3749.7 	3623.8 	3519.8 	3684.2 	3680.8 	: 	: 	: 	: 	: 	: 	: 	: 	: 	: 	: 	: 	: 	: 	: 	: 	: 	: 	: 	: 	: 	: 	: 	: 	: 
A3100,M04,THS_HD,BE	: 	: 	: 	: 	: 	: 	: 	: 	: 	: 	: 	: 	: 	: 	: 	: 	: 	6516.0 	6706.4 	7287.7 	7511.6 	7460.3 	6916.5 	7225.4 	6956.2 	7114.7 	7036.9 	6729.5 	6511.9 	6757.0 	6345.0 	6413.0 	5652.0 	5595.4 	5646.0 	5377.0 	5256.6 	5122.0 	4973.1 	5142.1 	5060.0 	5119.0 	4987.0 	4979.0 	4803.0 	5285.0 	4653.0 	0.0 	0.0 	0.0 	0.0 
A3100,M04,THS_HD,BG	: 	: 	: 	: 	: 	: 	: 	: 	: 	: 	: 	: 	: 	: 	: 	: 	: 	: 	: 	: 	: 	: 	: 	2285.0 	: 	1998.0 	2711.0 	3197.0 	4120.0 	4399.0 	4324.0 	4219.0 	4232.0 	: 	: 	: 	: 	: 	: 	: 	: 	: 	: 	: 	: 	: 	: 	: 	: 	: 	: 
A3100,M04,THS_HD,CZ	: 	: 	: 	: 	: 	: 	: 	: 	: 	: 	: 	2433.0 	2830.4 	2840.0 	2877.0 	3126.0 	3363.0 	3458.0 	3315.0 	3565.0 	: 	: 	: 	: 	: 	: 	: 	: 	: 	: 	: 	: 	: 	: 	: 	: 	: 	: 	: 	: 	: 	: 	: 	: 	: 	: 	: 	: 	: 	: 	: 
A3100,M04,THS_HD,DE	: 	: 	: 	: 	: 	: 	: 	: 	: 	: 	: 	: 	: 	: 	: 	: 	: 	: 	: 	: 	: 	25212.5 	24416.7 	23552.1 	24515.9 	25435.7 	26335.3 	26159.9 	27376.6 	28719.5 	: 	: 	: 	: 	: 	: 	: 	: 	: 	: 	: 	: 	: 	: 	: 	: 	: 	: 	: 	: 	: 
A3100,M04,THS_HD,DK	: 	: 	: 	: 	: 	: 	: 	: 	: 	: 	: 	12186.0 p	13599.0 	12615.0 	13125.0 	13119.0 	12624.0 	12921.0 	12686.0 	11695.0 	11610.0 	11365.0 	10965.0 	10602.0 	10727.0 	10429.0 	10435.0 	10137.0 	9489.0 	9269.0 	9353.0 	9055.0 	9160.0 	9417.0 	9278.0 	8699.0 	9413.0 	9306.0 	9697.0 	9683.0 	9279.0 	8528.0 	8047.0 	7969.0 	8105.0 	8167.0 	0.0 	: 	: 	: 	: 
A3100,M04,THS_HD,EE	: 	: 	: 	: 	: 	: 	: 	: 	: 	: 	: 	: 	: 	: 	: 	: 	342.2 	371.7 	323.1 	278.1 	: 	330.4 	301.6 	401.8 	470.8 	447.5 	464.7 	: 	: 	: 	: 	: 	: 	: 	: 	: 	: 	: 	: 	: 	: 	: 	: 	: 	: 	: 	: 	: 	: 	: 	: 
A3100,M04,THS_HD,EL	: 	: 	: 	: 	: 	: 	: 	: 	: 	: 	: 	: 	: 	: 	: 	: 	: 	: 	: 	: 	: 	: 	: 	: 	915.0 	1098.3 	1092.0 	983.0 	1063.2 	1095.5 	1151.0 	1169.0 	1143.3 	1068.2 	1101.7 	1057.2 	1195.0 	1120.2 	1323.2 	: 	: 	: 	: 	: 	: 	: 	: 	: 	: 	: 	: 
A3100,M04,THS_HD,ES	: 	: 	: 	: 	: 	: 	: 	: 	: 	: 	: 	24639.4 	26804.4 	25066.4 	24997.8 	25060.4 	23175.1 	23114.2 	21743.0 	22760.3 	20626.0 	20067.0 	18828.0 	17944.0 	18599.0 	18368.0 	18204.1 	17444.2 	15948.9 	16443.4 	16096.5 	16722.5 	16122.0 	14370.7 	11329.7 	11935.7 	: 	: 	: 	: 	: 	: 	: 	: 	: 	: 	: 	: 	: 	: 	: 
A3100,M04,THS_HD,FI	: 	: 	: 	: 	: 	: 	: 	: 	: 	: 	: 	: 	: 	: 	: 	: 	: 	: 	: 	: 	1529.7 	1556.2 	1456.9 	1454.8 	1231.4 	1234.7 	: 	: 	: 	: 	: 	: 	: 	: 	: 	: 	: 	: 	: 	: 	: 	: 	: 	: 	: 	: 	: 	: 	: 	: 	: 
A3100,M04,THS_HD,FR	: 	: 	: 	: 	: 	: 	: 	: 	: 	: 	: 	: 	: 	: 	: 	: 	: 	: 	: 	: 	: 	16064.4 	15379.2 	14875.7 	14853.3 	14402.7 	13266.4 	12451.4 	11959.0 	12037.0 	11615.0 	11572.4 	11764.0 	11096.5 	10451.0 	10707.0 	11199.0 	11230.0 	11039.0 	11545.0 	10686.0 	10724.0 	10546.0 	11146.0 	11519.0 	11364.0 	11087.0 	11455.0 	11292.0 	10751.0 	9790.0 
A3100,M04,THS_HD,HU	: 	: 	: 	: 	: 	: 	: 	: 	: 	: 	: 	3658.0 	4068.0 	3846.0 	3915.0 	4287.0 	5097.0 	4943.0 	4716.0 	5042.0 	5583.0 	5117.0 	4893.0 	5523.0 	4669.0 	5035.0 	5813.0 	6175.0 	8590.0 	8457.0 	8553.0 	8664.0 	8936.0 	: 	: 	: 	: 	: 	: 	: 	: 	: 	: 	: 	: 	: 	: 	: 	: 	: 	: 
A3100,M04,THS_HD,IE	: 	: 	: 	: 	: 	: 	: 	: 	: 	: 	: 	: 	: 	: 	: 	: 	: 	: 	: 	: 	: 	: 	1684.6 	1599.2 	1554.2 	1525.6 	1504.4 	1379.3 	1291.0 	1162.4 	1056.7 	989.0 	994.2 	998.9 	1003.6 	1030.4 	1075.2 	1040.6 	1022.6 	1039.0 	1104.9 	1027.5 	944.2 	910.8 	787.3 	950.5 	0.0 	: 	: 	: 	: 
A3100,M04,THS_HD,IT	: 	: 	: 	: 	: 	: 	: 	: 	: 	: 	: 	: 	: 	: 	: 	: 	: 	: 	: 	: 	: 	7751.0 	7607.0 	7798.0 	7747.0 	7934.4 	7743.5 	7974.8 	8390.5 	8655.0 	8624.2 	8600.3 	8520.3 	8463.2 	8365.0 	8388.8 	8420.0 	8302.3 	8248.1 	8218.0 	8347.1 	8720.0 	8721.0 	8051.0 	7618.0 	7530.0 	7167.0 	6350.0 	7877.0 	8213.0 	6949.0 
A3100,M04,THS_HD,LU	: 	: 	: 	: 	: 	: 	: 	: 	: 	: 	: 	: 	: 	: 	: 	: 	: 	: 	: 	: 	: 	: 	: 	: 	67.4 	67.8 	67.3 	62.7 	63.3 	67.8 	76.1 	76.4 	73.6 	70.4 	67.6 	68.1 	72.7 	74.1 	80.5 	81.1 	83.2 	90.0 	86.0 	81.0 	84.0 	92.0 	93.0 	102.0 	114.0 	104.0 	104.0 
A3100,M04,THS_HD,MT	: 	: 	: 	: 	: 	: 	: 	: 	: 	: 	: 	: 	: 	: 	: 	: 	: 	: 	: 	80.1 	84.0 	69.6 	74.1 	67.1 	60.6 	65.2 	65.3 	59.2 	59.4 	57.5 	58.2 	64.0 	52.9 	: 	: 	: 	: 	: 	: 	: 	: 	: 	: 	: 	: 	: 	: 	: 	: 	: 	: 
A3100,M04,THS_HD,NL	: 	: 	: 	: 	: 	: 	: 	: 	: 	: 	: 	12029.0 	11665.0 	11300.0 	11311.6 	11222.3 	11172.0 	11648.0 	13073.0 	13118.0 	13566.0 	13445.0 	15164.0 	13792.0 	13858.5 	13809.0 	13851.0 	13624.0 	13316.0 	13534.0 	13757.0 	13905.0 	14409.0 	13234.0 	12008.0 	11150.0 	10666.0 	10031.0 	10383.0 	10380.0 	9878.0 	8997.0 	7927.0 	7136.0 	7101.0 	7017.0 	6802.0 	6520.0 	6482.0 	5776.0 	4860.0 
A3100,M04,THS_HD,PL	: 	: 	: 	: 	: 	: 	: 	: 	: 	: 	: 	15687.2 p	18021.3 	18205.3 	16995.8 	17197.6 	18617.7 	17697.7 	16492.9 	17082.4 	18873.4 	18461.4 	17910.7 	19671.1 	20350.7 	17900.9 	19753.4 	21178.7 	20737.4 	18770.4 	18710.9 	19450.0 	19474.0 	: 	: 	: 	: 	: 	: 	: 	: 	: 	: 	: 	: 	: 	: 	: 	: 	: 	: 
A3100,M04,THS_HD,PT	: 	: 	: 	: 	: 	: 	: 	: 	: 	: 	: 	: 	: 	: 	: 	: 	: 	: 	: 	: 	: 	: 	: 	: 	2382.4 	2382.4 	2611.0 	2479.0 	2415.0 	2485.0 	2419.0 	2371.0 	2433.0 	: 	: 	: 	: 	: 	: 	: 	: 	: 	: 	: 	: 	: 	: 	: 	: 	: 	: 
A3100,M04,THS_HD,RO	: 	: 	: 	: 	: 	: 	: 	: 	: 	: 	: 	4980.4 p	5865.4 	5835.6 	5610.6 	5772.0 	: 	: 	: 	: 	: 	: 	: 	: 	: 	: 	: 	: 	: 	: 	: 	: 	: 	: 	: 	: 	: 	: 	: 	: 	: 	: 	: 	: 	: 	: 	: 	: 	: 	: 	: 
A3100,M04,THS_HD,SE	: 	: 	: 	: 	: 	: 	: 	: 	: 	: 	: 	: 	: 	: 	: 	: 	: 	: 	: 	: 	: 	: 	: 	: 	2284.4 	2328.0 	: 	: 	: 	: 	: 	: 	: 	: 	: 	: 	: 	: 	: 	: 	: 	: 	: 	: 	: 	: 	: 	: 	: 	: 	: 
A3100,M04,THS_HD,SI	: 	: 	: 	: 	: 	: 	: 	: 	: 	: 	: 	: 	: 	: 	: 	: 	: 	: 	: 	: 	650.7 	580.0 	584.0 	: 	: 	: 	: 	: 	: 	: 	: 	: 	: 	: 	: 	: 	: 	: 	: 	: 	: 	: 	: 	: 	: 	: 	: 	: 	: 	: 	: 
A3100,M04,THS_HD,SK	: 	: 	: 	: 	: 	: 	: 	: 	: 	: 	: 	: 	: 	: 	: 	1359.0 	1567.4 	1525.2 	1507.0 	: 	1601.1 	1689.0 	1893.0 	1962.0 	1984.0 	2042.0 	1820.0 	1978.0 	2113.0 	2251.0 	2362.0 	2315.0 	2145.0 	: 	: 	: 	: 	: 	: 	: 	: 	: 	: 	: 	: 	: 	: 	: 	: 	: 	: 
A3100,M04,THS_HD,UK	: 	: 	: 	: 	: 	: 	: 	: 	: 	: 	: 	: 	: 	: 	: 	: 	: 	: 	: 	: 	: 	7975.1 	7818.2 	7429.3 	7440.6 	7361.9 	7669.0 	7493.2 	7320.8 	7605.7 	7605.0 	8078.6 	8398.1 	8398.6 	8034.5 	7644.2 	8311.2 	8115.4 	7823.7 	7672.3 	7900.0 	7571.0 	7750.0 	7685.0 	7687.0 	8861.0 	0.0 	: 	: 	: 	: 
A3100,M05_M06,THS_HD,AT	2651.96 	2678.97 	2669.04 	2666.70 	2761.05 	2804.02 	2872.46 	2961.49 	3049.10 	3120.18 	3151.47 	3180.94 	3213.06 	3160.38 	3209.32 	3154.30 	3345.55 	3382.13 	3286.11 	3302.95 	: 	: 	: 	: 	: 	: 	: 	: 	: 	: 	: 	: 	: 	: 	: 	: 	: 	: 	: 	: 	: 	: 	: 	: 	: 	: 	: 	: 	: 	: 	: 
A3100,M05_M06,THS_HD,BE	6093.67 	6106.54 	6015.31 	6193.11 	6256.42 	6346.07 	6481.15 	6633.61 	6521.45 	6429.57 	6321.06 	6262.47 	6255.40 	6294.90 	6332.43 	6370.77 	6538.61 	6735.42 	6833.72 	7368.54 	7705.63 	7631.72 	: 	: 	: 	: 	: 	: 	: 	: 	: 	: 	: 	: 	: 	: 	: 	: 	: 	: 	: 	: 	: 	: 	: 	: 	: 	: 	: 	: 	: 
A3100,M05_M06,THS_HD,BG	: 	: 	: 	: 	: 	: 	: 	: 	: 	: 	: 	: 	: 	956.15 	: 	945.50 	1117.00 	867.70 	826.60 	: 	1932.00 	: 	: 	: 	: 	: 	: 	: 	: 	: 	: 	: 	: 	: 	: 	: 	: 	: 	: 	: 	: 	: 	: 	: 	: 	: 	: 	: 	: 	: 	: 
A3100,M05_M06,THS_HD,CZ	: 	: 	: 	: 	: 	: 	: 	: 	: 	: 	: 	: 	: 	: 	: 	: 	: 	3628.00 	3286.00 	3399.00 	: 	: 	: 	: 	: 	: 	: 	: 	: 	: 	: 	: 	: 	: 	: 	: 	: 	: 	: 	: 	: 	: 	: 	: 	: 	: 	: 	: 	: 	: 	: 
A3100,M05_M06,THS_HD,DE	25959.00 	26898.40 	27174.98 	27146.37 	28099.49 e	28097.75 	27690.13 	28131.72 	26758.13 	26509.09 	26948.28 	26686.77 	27125.30 	26521.30 	26857.82 	25659.29 	26334.32 	26103.04 	25783.93 	25633.36 	26101.03 	: 	: 	: 	: 	: 	: 	: 	: 	: 	: 	: 	: 	: 	: 	: 	: 	: 	: 	: 	: 	: 	: 	: 	: 	: 	: 	: 	: 	: 	: 
A3100,M05_M06,THS_HD,DK	12551.00 	12878.00 	12467.00 	12313.00 	12645.00 	12469.00 	12252.00 	12410.00 	12549.00 	12528.00 	12436.00 	12352.00 	13648.00 	13388.00 	: 	: 	: 	: 	: 	12609.00 	: 	: 	: 	: 	: 	: 	: 	: 	: 	: 	: 	: 	: 	: 	: 	: 	: 	: 	: 	: 	: 	: 	: 	: 	: 	: 	: 	: 	: 	: 	: 
A3100,M05_M06,THS_HD,EE	: 	: 	: 	: 	: 	: 	: 	: 	: 	: 	: 	: 	: 	: 	: 	: 	334.30 	335.90 	328.70 	277.20 	328.90 	: 	: 	: 	: 	: 	: 	: 	: 	: 	: 	: 	: 	: 	: 	: 	: 	: 	: 	: 	: 	: 	: 	: 	: 	: 	: 	: 	: 	: 	: 
A3100,M05_M06,THS_HD,ES	30460.51 p	30141.68 	28666.72 	27540.94 	26983.21 	25412.35 	24709.48 	25161.08 	25608.40 	24702.87 	25817.64 	: 	26952.82 	: 	: 	: 	: 	: 	: 	: 	: 	: 	: 	: 	: 	: 	: 	: 	: 	: 	: 	: 	: 	: 	: 	: 	: 	: 	: 	: 	: 	: 	: 	: 	: 	: 	: 	: 	: 	: 	: 
A3100,M05_M06,THS_HD,FI	: 	: 	: 	: 	: 	: 	: 	: 	: 	: 	: 	: 	: 	: 	1509.70 	1446.40 	1464.80 	1486.50 	1432.90 	1517.50 	: 	: 	: 	: 	: 	: 	: 	: 	: 	: 	: 	: 	: 	: 	: 	: 	: 	: 	: 	: 	: 	: 	: 	: 	: 	: 	: 	: 	: 	: 	: 
A3100,M05_M06,THS_HD,FR	13240.00 	13044.00 	13315.00 	13280.00 p	13643.00 	13366.00 	13594.00 	13680.00 	13837.00 	14142.00 	14341.00 	14654.00 	14835.00 	14815.00 	15118.00 	15174.00 	15149.00 	15105.00 	15135.63 	15847.80 	16190.00 	16064.40 	: 	: 	: 	: 	: 	: 	: 	: 	: 	: 	: 	: 	: 	: 	: 	: 	: 	: 	: 	: 	: 	: 	: 	: 	: 	: 	: 	: 	: 
A3100,M05_M06,THS_HD,HU	2840.00 	2859.00 	2807.00 	3026.00 	3124.00 	3060.00 	2891.00 	2947.00 	3156.00 	: 	3181.00 	: 	: 	: 	: 	: 	: 	: 	: 	: 	: 	: 	: 	: 	: 	: 	: 	: 	: 	: 	: 	: 	: 	: 	: 	: 	: 	: 	: 	: 	: 	: 	: 	: 	: 	: 	: 	: 	: 	: 	: 
A3100,M05_M06,THS_HD,IE	1615.98 	1621.94 	1556.85 	1594.31 	1536.90 	1555.34 	1552.49 	1570.95 	1548.99 	1516.29 	1385.19 	1461.99 	1587.81 	1643.20 	1687.69 	1653.10 	1726.23 	1784.54 	1742.96 	1722.10 	1786.85 	1818.55 	: 	: 	: 	: 	: 	: 	: 	: 	: 	: 	: 	: 	: 	: 	: 	: 	: 	: 	: 	: 	: 	: 	: 	: 	: 	: 	: 	: 	: 
A3100,M05_M06,THS_HD,IS	: 	: 	: 	33.77 	: 	: 	: 	: 	: 	: 	: 	: 	: 	: 	: 	: 	: 	: 	: 	: 	: 	: 	: 	: 	: 	: 	: 	: 	: 	: 	: 	: 	: 	: 	: 	: 	: 	: 	: 	: 	: 	: 	: 	: 	: 	: 	: 	: 	: 	: 	: 
A3100,M05_M06,THS_HD,IT	8641.79 	8765.71 	8773.91 	8707.70 	8682.34 	8616.86 	8664.36 	9279.11 	9289.66 	9324.19 	9233.78 	9284.85 	9351.81 	9204.85 	9271.55 	9196.00 	9111.00 	8333.00 	8451.00 	8307.00 	8142.00 	8100.00 	: 	: 	: 	: 	: 	: 	: 	: 	: 	: 	: 	: 	: 	: 	: 	: 	: 	: 	: 	: 	: 	: 	: 	: 	: 	: 	: 	: 	: 
A3100,M05_M06,THS_HD,LT	: 	: 	: 	: 	: 	: 	: 	: 	: 	: 	: 	: 	: 	: 	: 	: 	1089.40 	: 	: 	: 	1080.00 	: 	: 	: 	: 	: 	: 	: 	: 	: 	: 	: 	: 	: 	: 	: 	: 	: 	: 	: 	: 	: 	: 	: 	: 	: 	: 	: 	: 	: 	: 
A3100,M05_M06,THS_HD,LU	: 	: 	: 	: 	: 	: 	: 	: 	: 	: 	: 	: 	83.26 	84.15 	84.61 	84.61 	84.05 	79.19 	78.11 	80.15 	85.83 	79.05 	: 	: 	: 	: 	: 	: 	: 	: 	: 	: 	: 	: 	: 	: 	: 	: 	: 	: 	: 	: 	: 	: 	: 	: 	: 	: 	: 	: 	: 
A3100,M05_M06,THS_HD,LV	: 	: 	: 	: 	: 	: 	: 	: 	: 	: 	: 	: 	: 	: 	: 	441.10 	424.70 	437.90 	414.10 	390.60 	448.70 	: 	: 	: 	: 	: 	: 	: 	: 	: 	: 	: 	: 	: 	: 	: 	: 	: 	: 	: 	: 	: 	: 	: 	: 	: 	: 	: 	: 	: 	: 
A3100,M05_M06,THS_HD,NL	12213.60 	12390.67 	12400.70 	12416.37 	12602.89 	12238.00 	12219.00 	12234.00 	12383.00 	12250.00 	12150.00 	: 	: 	: 	: 	: 	: 	: 	: 	: 	: 	: 	: 	: 	: 	: 	: 	: 	: 	: 	: 	: 	: 	: 	: 	: 	: 	: 	: 	: 	: 	: 	: 	: 	: 	: 	: 	: 	: 	: 	: 
A3100,M05_M06,THS_HD,PL	10781.00 	11828.00 	11353.00 	10865.00 	11639.79 	11724.06 	11401.83 	11942.26 	13492.99 	14643.44 	13996.22 	: 	: 	: 	: 	: 	: 	18628.91 	: 	: 	: 	: 	: 	: 	: 	: 	: 	: 	: 	: 	: 	: 	: 	: 	: 	: 	: 	: 	: 	: 	: 	: 	: 	: 	: 	: 	: 	: 	: 	: 	: 
A3100,M05_M06,THS_HD,RO	3726.30 	4129.30 	4486.60 	4574.70 	4659.40 	4519.00 	4527.00 	4592.60 	4597.00 	4700.80 	4805.30 	5089.50 	: 	: 	: 	: 	6843.20 	6318.20 	: 	: 	: 	: 	: 	: 	: 	: 	: 	: 	: 	: 	: 	: 	: 	: 	: 	: 	: 	: 	: 	: 	: 	: 	: 	: 	: 	: 	: 	: 	: 	: 	: 
A3100,M05_M06,THS_HD,RS	2677.00 	2680.00 	2883.00 	3016.00 	3313.00 	3487.00 	: 	: 	: 	: 	: 	: 	: 	: 	: 	: 	: 	: 	: 	: 	: 	: 	: 	: 	: 	: 	: 	: 	: 	: 	: 	: 	: 	: 	: 	: 	: 	: 	: 	: 	: 	: 	: 	: 	: 	: 	: 	: 	: 	: 	: 
A3100,M05_M06,THS_HD,SE	1456.05 	1393.25 	1361.93 	1354.29 	1418.91 	1377.35 	1397.60 	1363.36 	1482.59 	1563.88 	1528.74 	1609.29 	1680.53 	1680.53 	1810.60 	1818.00 	1903.89 	1881.00 	1891.30 	1918.00 	2115.30 	2286.00 	: 	: 	: 	: 	: 	: 	: 	: 	: 	: 	: 	: 	: 	: 	: 	: 	: 	: 	: 	: 	: 	: 	: 	: 	: 	: 	: 	: 	: 
A3100,M05_M06,THS_HD,SI	: 	: 	: 	: 	: 	: 	: 	: 	: 	: 	: 	: 	: 	: 	: 	: 	607.88 	581.99 	596.24 	601.95 	: 	: 	: 	: 	: 	: 	: 	: 	: 	: 	: 	: 	: 	: 	: 	: 	: 	: 	: 	: 	: 	: 	: 	: 	: 	: 	: 	: 	: 	: 	: 
A3100,M05_M06,THS_HD,SK	: 	: 	: 	: 	: 	: 	: 	: 	: 	: 	: 	: 	: 	: 	: 	1300.36 	1582.73 	1561.15 	1501.00 	1539.04 	1634.80 	: 	: 	: 	: 	: 	: 	: 	: 	: 	: 	: 	: 	: 	: 	: 	: 	: 	: 	: 	: 	: 	: 	: 	: 	: 	: 	: 	: 	: 	: 
A3100,M05_M06,THS_HD,UK	4977.00 p	5012.00 	4969.00 	4866.00 	4739.00 	4815.00 	4885.00 	4481.00 	4441.00 	4460.00 	4540.00 	4714.00 	4834.00 	4932.92 	4863.61 	5160.56 	5046.84 	5588.07 	5845.01 	6482.16 	7283.90 	8146.46 	8072.05 	: 	: 	: 	: 	: 	: 	: 	: 	: 	: 	: 	: 	: 	: 	: 	: 	: 	: 	: 	: 	: 	: 	: 	: 	: 	: 	: 	: 
A3100,M08,THS_HD,BE	: 	: 	: 	: 	: 	: 	: 	: 	: 	: 	: 	: 	: 	: 	: 	: 	: 	6565.3 	6872.3 	7126.0 	7843.8 	7512.8 	7385.4 	7413.1 	7139.3 	6798.3 	7165.0 	7090.4 	6446.1 	7423.0 	6703.0 	6619.0 	5921.0 	5755.8 	5250.0 	5203.0 	5290.0 	5111.4 	5180.1 	5236.6 	5299.6 	5277.5 	5071.0 	5239.0 	4778.0 	5790.0 	4933.0 	0.0 	0.0 	0.0 	0.0 
A3100,M08,THS_HD,CZ	: 	: 	: 	: 	: 	: 	: 	: 	: 	: 	: 	: 	2816.2 	2826.0 	2890.0 	3053.0 	3441.0 	: 	: 	3449.0 	: 	: 	: 	: 	: 	: 	: 	: 	: 	: 	: 	: 	: 	: 	: 	: 	: 	: 	: 	: 	: 	: 	: 	: 	: 	: 	: 	: 	: 	: 	: 
A3100,M08,THS_HD,DE	: 	: 	: 	: 	: 	: 	: 	: 	: 	: 	: 	: 	: 	: 	: 	: 	: 	: 	: 	: 	: 	25865.0 	25102.4 	24405.1 	24466.2 	25345.9 	26754.8 	26910.2 	26722.8 	: 	: 	: 	: 	: 	: 	: 	: 	: 	: 	: 	: 	: 	: 	: 	: 	: 	: 	: 	: 	: 	: 
A3100,M08,THS_HD,DK	: 	: 	: 	: 	: 	: 	: 	: 	: 	: 	: 	12352.0 	13648.0 	13479.0 	12975.0 	13170.0 	13122.0 	12952.0 	13029.0 	12609.0 	12014.0 	11951.0 	10933.0 	10943.0 	10916.0 	10892.0 	11254.0 	10553.0 	9765.0 	9390.0 	9550.0 	9453.0 	9685.0 	9760.0 	9552.0 	9080.0 	9494.0 	9722.0 	9805.0 	10234.0 	9532.0 	9039.0 	8376.0 	7984.0 	7928.0 	8198.0 	8678.0 	: 	: 	: 	: 
A3100,M08,THS_HD,EE	: 	: 	: 	: 	: 	: 	: 	: 	: 	: 	: 	: 	: 	: 	: 	: 	: 	: 	: 	: 	: 	334.9 	311.4 	370.8 	466.8 	473.2 	429.7 	: 	: 	: 	: 	: 	: 	: 	: 	: 	: 	: 	: 	: 	: 	: 	: 	: 	: 	: 	: 	: 	: 	: 	: 
A3100,M08,THS_HD,EL	: 	: 	: 	: 	: 	: 	: 	: 	: 	: 	: 	: 	: 	: 	: 	: 	: 	: 	: 	: 	: 	: 	925.5 	928.5 	930.1 	1116.6 	1121.0 	1048.0 	1035.0 	1118.0 	1127.0 	1161.4 	1114.0 	1082.7 	1125.6 	1041.9 	1159.2 	1250.0 	: 	: 	: 	: 	: 	: 	: 	: 	: 	: 	: 	: 	: 
A3100,M08,THS_HD,ES	: 	: 	: 	: 	: 	: 	: 	: 	: 	: 	: 	25421.3 	26952.8 	26407.2 	25400.4 	25724.0 	23611.0 	22892.9 	23888.0 	23347.8 	22015.0 	21668.0 	19397.0 	18515.4 	18731.4 	19238.4 	18975.4 	17747.5 	16877.2 	17108.2 	16319.1 	16178.3 	16810.2 	15780.1 	11344.4 	11932.3 	: 	: 	: 	: 	: 	: 	: 	: 	: 	: 	: 	: 	: 	: 	: 
A3100,M08,THS_HD,FI	: 	: 	: 	: 	: 	: 	: 	: 	: 	: 	: 	: 	: 	: 	: 	: 	: 	: 	: 	: 	1573.3 	1588.0 	1502.3 	1404.1 	1287.4 	1234.7 	0.0 	0.0 	: 	: 	: 	: 	: 	: 	: 	: 	: 	: 	: 	: 	: 	: 	: 	: 	: 	: 	: 	: 	: 	: 	: 
A3100,M08,THS_HD,FR	: 	: 	: 	: 	: 	: 	: 	: 	: 	: 	: 	: 	: 	: 	: 	: 	: 	: 	: 	: 	: 	15875.2 	15353.7 	15190.9 	14907.0 	14898.4 	13762.3 	13250.3 	12601.9 	12312.0 	11560.0 	11661.0 	12060.0 	10756.0 	10804.0 	10613.0 	11216.0 	11312.0 	11740.0 	11742.0 	10422.0 	11126.0 	11068.0 	11490.0 	11803.0 	11721.0 	11614.0 	12423.0 	12005.0 	11702.0 	11196.0 
A3100,M08,THS_HD,HU	: 	: 	: 	: 	: 	: 	: 	: 	: 	: 	: 	3709.0 	4120.0 	4065.0 	4194.0 	4382.0 	5138.0 	5255.0 	4926.0 	5312.0 	5837.0 	5418.0 	5035.0 	5797.0 	: 	: 	: 	: 	: 	: 	: 	: 	: 	: 	: 	: 	: 	: 	: 	: 	: 	: 	: 	: 	: 	: 	: 	: 	: 	: 	: 
A3100,M08,THS_HD,IE	: 	: 	: 	: 	: 	: 	: 	: 	: 	: 	: 	: 	: 	: 	: 	: 	: 	: 	: 	: 	: 	: 	1714.4 	1642.4 	1547.3 	1535.2 	1512.9 	1398.9 	1316.4 	1202.8 	1080.5 	1012.0 	995.2 	999.6 	1008.2 	1031.2 	1092.0 	1072.9 	1017.8 	999.9 	1097.5 	1053.4 	946.4 	973.9 	834.0 	849.1 	0.0 	: 	: 	: 	: 
A3100,M08,THS_HD,IT	: 	: 	: 	: 	: 	: 	: 	: 	: 	: 	: 	: 	: 	: 	: 	: 	: 	: 	: 	: 	: 	8123.0 	8238.0 	8150.0 	8040.0 	8142.0 	8259.6 	8180.9 	8565.9 	8747.8 	9012.8 	9075.5 	9009.0 	8936.8 	8889.6 	9050.9 	8957.4 	8829.4 	8748.6 	8628.9 	8777.1 	9127.0 	9287.0 	8722.0 	8465.0 	8458.0 	8147.0 	7236.0 	7743.0 	8789.0 	8346.0 
A3100,M08,THS_HD,LU	: 	: 	: 	: 	: 	: 	: 	: 	: 	: 	: 	: 	: 	: 	: 	: 	: 	: 	: 	: 	: 	: 	69.6 	70.0 	67.4 	67.4 	69.1 	68.2 	66.2 	71.4 	73.0 	75.8 	75.2 	74.1 	73.5 	72.5 	75.4 	79.5 	78.8 	86.6 	83.0 	96.0 	93.0 	91.0 	85.0 	101.0 	99.0 	108.0 	109.0 	121.0 	107.0 
A3100,M08,THS_HD,NL	: 	: 	: 	: 	: 	: 	: 	: 	: 	: 	: 	11900.0 	11795.0 	11280.0 	11200.0 	11300.0 	10910.0 	11393.0 	12610.0 	13030.0 	13869.0 	13544.0 	11696.0 	13945.0 	14395.0 	13912.0 	13878.0 	13936.0 	13104.0 	13971.0 	13964.0 	14014.0 	14340.0 	13488.0 	12379.0 	11317.0 	10977.0 	10698.0 	10300.0 	10378.0 	9910.0 	9256.0 	8174.0 	7196.0 	7203.0 	7301.0 	6894.0 	6684.0 	6593.0 	6157.0 	5034.0 
A3100,M08,THS_HD,PL	: 	: 	: 	: 	: 	: 	: 	: 	: 	: 	: 	15425.3 	18128.5 	18880.6 	18112.4 	16987.9 p	18605.3 	18707.4 	17105.6 	17122.0 	18537.6 	19167.7 	18134.8 	17963.9 	20417.8 	19466.5 	18860.1 	22085.8 	21867.6 	19464.2 	18835.0 	19605.0 	18545.9 	: 	: 	: 	: 	: 	: 	: 	: 	: 	: 	: 	: 	: 	: 	: 	: 	: 	: 
A3100,M08,THS_HD,PT	: 	: 	: 	: 	: 	: 	: 	: 	: 	: 	: 	: 	: 	: 	: 	: 	: 	: 	: 	: 	: 	: 	2513.0 	2522.3 	2524.6 	2785.3 	2800.0 	2581.0 	2655.0 	2587.0 	2425.0 	2340.0 	2628.0 	: 	: 	: 	: 	: 	: 	: 	: 	: 	: 	: 	: 	: 	: 	: 	: 	: 	: 
A3100,M08,THS_HD,RO	: 	: 	: 	: 	: 	: 	: 	: 	: 	: 	: 	5553.8 	6311.8 p	6540.2 	6154.4 	: 	6843.2 	6318.2 	: 	: 	: 	: 	: 	: 	: 	: 	: 	: 	: 	: 	: 	: 	: 	: 	: 	: 	: 	: 	: 	: 	: 	: 	: 	: 	: 	: 	: 	: 	: 	: 	: 
A3100,M08,THS_HD,SE	: 	: 	: 	: 	: 	: 	: 	: 	: 	: 	: 	: 	: 	: 	: 	: 	: 	: 	: 	: 	: 	: 	2351.0 	2349.0 	2313.0 	2328.0 	2278.0 	2279.0 	: 	: 	: 	: 	: 	: 	: 	: 	: 	: 	: 	: 	: 	: 	: 	: 	: 	: 	: 	: 	: 	: 	: 
A3100,M08,THS_HD,SI	: 	: 	: 	: 	: 	: 	: 	: 	: 	: 	: 	: 	: 	: 	: 	: 	: 	: 	: 	: 	629.1 	560.0 	573.0 	: 	: 	: 	: 	: 	: 	: 	: 	: 	: 	: 	: 	: 	: 	: 	: 	: 	: 	: 	: 	: 	: 	: 	: 	: 	: 	: 	: 
A3100,M08,THS_HD,SK	: 	: 	: 	: 	: 	: 	: 	: 	: 	: 	: 	: 	: 	: 	: 	1302.7 	1618.7 	1625.9 	1543.0 	1539.1 	1687.6 	1727.0 	1897.0 	1992.0 	2033.0 	2072.0 	1827.0 	2072.0 	2304.0 	2363.0 	2505.0 	2493.0 	2299.0 	: 	: 	: 	: 	: 	: 	: 	: 	: 	: 	: 	: 	: 	: 	: 	: 	: 	: 
A3100,M08,THS_HD,UK	: 	: 	: 	: 	: 	: 	: 	: 	: 	: 	: 	: 	: 	: 	: 	: 	: 	: 	: 	: 	: 	7994.0 	8062.9 	7486.0 	7661.4 	7936.6 	7997.7 	7953.2 	7598.3 	7684.1 	7628.3 	8071.6 	8089.7 	8117.9 	8062.5 	7751.5 	8211.1 	8240.0 	8095.7 	7871.9 	7885.4 	7889.6 	7717.0 	8068.0 	7699.0 	8430.0 	0.0 	: 	: 	: 	: 
A3100,M12,THS_HD,AL	: 	184.13 	180.09 	183.62 p	177.44 	172.40 	: 	: 	: 	: 	: 	: 	: 	: 	: 	: 	: 	: 	: 	: 	: 	: 	: 	: 	: 	: 	: 	: 	: 	: 	: 	: 	: 	: 	: 	: 	: 	: 	: 	: 	: 	: 	: 	: 	: 	: 	: 	: 	: 	: 	: 
A3100,M12,THS_HD,AT	: 	2776.57 	2820.08 	2792.80 	2845.45 	2868.19 	2895.84 	2983.16 	3004.91 	3134.16 	3136.97 	3064.23 	3286.29 	3139.44 	3169.54 	3125.20 	3254.87 	3304.65 	3440.41 	3347.93 	3433.03 	3810.31 	3679.88 	3663.75 	3706.19 	3728.99 	: 	: 	: 	: 	: 	: 	: 	: 	: 	: 	: 	: 	: 	: 	: 	: 	: 	: 	: 	: 	: 	: 	: 	: 	: 
A3100,M12,THS_HD,BA	: 	542.00 e	548.00 e	545.00 e	564.00 e	533.00 e	530.00 e	539.00 e	577.00 	581.00 	: 	: 	: 	: 	: 	: 	: 	: 	: 	: 	: 	: 	: 	: 	: 	: 	: 	: 	: 	: 	: 	: 	: 	: 	: 	: 	: 	: 	: 	: 	: 	: 	: 	: 	: 	: 	: 	: 	: 	: 	: 
A3100,M12,THS_HD,BE	: 	6209.13 	6108.08 	6176.58 	6364.16 	6350.29 	6351.28 	6447.75 	6327.86 	6176.26 	6227.91 	6207.60 	6200.27 	6303.56 	6252.99 	6318.73 	6366.25 	6600.16 	6775.23 	7266.17 	7321.74 	7551.10 	7351.82 	7116.75 	7153.23 	6984.07 	6876.12 	6902.79 	6532.84 	6425.94 	6439.89 	6233.41 	5970.00 	5762.66 	5412.17 	5268.73 	5183.00 	5113.38 	5075.97 	5010.90 	4987.20 	4991.70 	4934.56 	4813.00 	4679.00 	4666.00 	4720.00 	4298.00 	3925.00 	3835.00 	3094.00 
A3100,M12,THS_HD,BG	: 	654.55 	593.15 	616.43 	600.07 	553.11 	586.42 	530.95 	608.27 	664.00 	729.80 	783.69 	888.61 	1012.66 	932.70 	942.99 	1032.30 	996.50 	788.50 	831.40 	1512.00 	1721.00 	1480.00 	1500.00 	2140.00 	1986.00 	2071.00 	2680.00 	3141.00 	4187.00 	4332.00 	4119.00 	4034.00 	: 	: 	: 	: 	: 	: 	: 	: 	: 	: 	: 	: 	: 	: 	: 	: 	: 	: 
A3100,M12,THS_HD,CH	: 	1393.19 	1419.20 	1442.33 	1494.13 	1498.32 	1484.73 	1544.02 	1578.69 	1589.00 	1557.20 	1540.13 	1573.09 	1634.80 	1609.50 	: 	: 	: 	: 	: 	: 	: 	: 	: 	: 	: 	: 	: 	: 	: 	: 	: 	: 	: 	: 	: 	: 	: 	: 	: 	: 	: 	: 	: 	: 	: 	: 	: 	: 	: 	: 
A3100,M12,THS_HD,CY	: 	362.10 	350.15 	352.77 p	327.83 	342.07 	357.90 	394.71 	439.24 	463.73 	463.26 	464.93 	467.06 	452.64 	429.72 	470.50 	488.10 	490.82 	450.98 	413.81 	425.19 	436.40 	414.79 	399.53 	374.07 	356.21 	369.41 	341.95 	296.23 	277.94 	281.00 	284.00 	266.00 	: 	: 	: 	: 	: 	: 	: 	: 	: 	: 	: 	: 	: 	: 	: 	: 	: 	: 
A3100,M12,THS_HD,CZ	: 	1507.58 	1531.69 	1479.28 	1555.40 	1606.86 	1547.69 	1533.81 	1487.25 	1845.95 	1913.71 	2135.00 	2661.84 	2741.30 	2719.00 	2915.00 	3309.00 	3429.00 	3441.00 	3594.00 	3688.00 	4001.00 	4013.00 	4080.00 	4016.00 	3867.00 	4071.00 	4599.00 	4609.00 	4569.00 	4790.00 	4686.00 	4618.00 	: 	: 	: 	: 	: 	: 	: 	: 	: 	: 	: 	: 	: 	: 	: 	: 	: 	: 
A3100,M12,THS_HD,DE	: 	26445.40 	27577.57 	27376.06 	27652.42 	28338.99 	28133.26 	28331.41 	27402.49 	26900.83 	26841.01 	26718.62 	27113.01 	26820.60 	26989.05 	26334.80 	26495.30 	26251.49 	25957.76 	25766.83 	26001.46 	26293.99 	24795.25 	24282.98 	23736.57 	24698.12 	26075.16 	26514.41 	26063.40 	: 	: 	: 	: 	: 	: 	: 	: 	: 	: 	: 	: 	: 	: 	: 	: 	: 	: 	: 	: 	: 	: 
A3100,M12,THS_HD,DK	: 	12642.00 	12832.00 	12281.00 	12702.00 	12709.00 	12402.00 	12281.00 	12348.00 	12293.00 	12873.00 	12195.00 	13170.00 	13613.00 	12604.00 	13407.00 	12969.00 	12879.00 	12975.00 	12642.00 	11914.00 	11991.00 	11494.00 	11079.00 	10709.00 	10864.00 	10870.00 	10345.00 	9767.00 	9282.00 	9120.00 	9105.00 	9048.00 	9422.00 	9104.00 	8960.00 	9016.00 	9504.00 	9785.00 	9696.00 	9566.00 	9184.00 	8290.00 	7918.00 	7597.00 	8058.00 	8364.00 	: 	: 	: 	: 
A3100,M12,THS_HD,EE	: 	290.40 	289.10 	265.90 	304.50 	357.90 	358.70 	375.10 	365.70 	371.70 	365.10 	364.90 	374.70 	341.20 	351.60 	353.70 	344.60 	340.80 	345.00 	300.20 	285.70 	326.40 	306.30 	298.40 	448.80 	459.80 	424.30 	541.10 	798.60 	959.90 	1080.40 	1099.40 	1083.50 	: 	: 	: 	: 	: 	: 	: 	: 	: 	: 	: 	: 	: 	: 	: 	: 	: 	: 
A3100,M12,THS_HD,EL	: 	721.00 	744.00 	743.00 	877.00 	1046.00 	1031.00 	1044.00 	1120.00 	1087.00 	1073.00 	1061.00 	1038.00 	1033.33 	952.05 	994.00 	993.00 	1027.00 	861.00 	936.00 	969.00 	905.00 	939.00 	904.00 	917.00 	951.00 	1143.00 	1099.00 	975.00 	1143.00 	1160.00 	1226.42 	1139.00 	1130.00 	1095.10 	1115.27 	1167.95 	1218.00 	: 	: 	: 	: 	: 	: 	: 	: 	: 	: 	: 	: 	: 
A3100,M12,THS_HD,ES	: 	30804.10 p	29971.36 	29231.60 	28367.34 	26567.58 	25494.72 	25250.38 	25634.87 	25704.04 	25342.61 	26289.62 	26061.23 	26218.71 	24888.88 	24894.96 	24097.54 	23517.74 	23857.78 	22149.31 	22418.00 	21562.00 	19480.00 	18572.00 	18125.00 	18295.52 	18188.15 	18219.35 	17208.86 	15948.93 	16849.65 	16215.59 	17228.00 	15731.32 	13280.33 	12695.42 	: 	: 	: 	: 	: 	: 	: 	: 	: 	: 	: 	: 	: 	: 	: 
A3100,M12,THS_HD,EU15	: 	124703.63 	125349.14 	122696.53 	124149.82 	122836.91 	121005.11 	121447.64 	122071.53 	113358.41 	122238.81 	122528.76 	124211.12 	124090.43 	121846.04 	122278.14 	121296.98 	121849.96 	122351.45 	121975.28 	124347.95 	125406.41 	118947.53 	118473.28 	116071.70 	117673.23 	: 	: 	: 	: 	: 	: 	: 	: 	: 	: 	: 	: 	: 	: 	: 	: 	: 	: 	: 	: 	: 	: 	: 	: 	: 
A3100,M12,THS_HD,EU25	: 	142562.76 	144136.38 	140700.65 	142021.83 e	141579.99 	139364.89 	140007.91 	142603.39 	136455.76 	145007.15 	145645.72 	152115.97 	153723.03 	151181.97 	150741.05 	152429.30 	153991.66 	152541.97 	: 	: 	158751.13 	151194.43 	150425.67 	150831.16 	150273.70 	: 	: 	: 	: 	: 	: 	: 	: 	: 	: 	: 	: 	: 	: 	: 	: 	: 	: 	: 	: 	: 	: 	: 	: 	: 
A3100,M12,THS_HD,EU27	: 	147142.61 	149135.53 	146024.78 	147548.80 e	147174.80 	145131.51 	145773.16 	148575.46 	142548.06 	151530.35 	152603.11 	159569.48 	161550.29 	158718.47 	158178.74 	158606.60 	160046.16 	157777.27 	: 	: 	167666.13 	159771.43 	160160.67 	160931.16 	160017.70 	: 	: 	: 	: 	: 	: 	: 	: 	: 	: 	: 	: 	: 	: 	: 	: 	: 	: 	: 	: 	: 	: 	: 	: 	: 
A3100,M12,THS_HD,EU28	: 	148191.61 	150256.53 	147187.78 	148715.80 e	148330.80 	146241.51 	146955.16 	149808.86 	143778.76 	152780.25 	153707.01 	160917.82 	163038.77 	159923.43 	159668.08 	159953.27 	161332.66 	159011.09 	: 	: 	: 	: 	: 	: 	: 	: 	: 	: 	: 	: 	: 	: 	: 	: 	: 	: 	: 	: 	: 	: 	: 	: 	: 	: 	: 	: 	: 	: 	: 	: 
A3100,M12,THS_HD,FI	: 	1041.20 	1108.40 	1196.70 	1239.00 	1222.60 	1258.30 	1270.50 	1289.70 	1339.90 	1353.30 	1399.50 	1426.80 	1435.40 	1440.00 	1435.00 	1394.20 	1422.80 	1453.80 	1455.50 	1492.80 	1540.70 	1443.90 	1413.40 	1394.00 	1295.10 	: 	: 	: 	: 	: 	: 	: 	: 	: 	: 	: 	: 	: 	: 	: 	: 	: 	: 	: 	: 	: 	: 	: 	: 	: 
A3100,M12,THS_HD,FR	: 	13713.00 	13353.00 	12791.00 p	13307.00 	13300.00 	13428.00 	13778.00 	13967.00 	14279.00 	14552.00 	14810.00 	14969.00 	15009.00 	15123.00 	15150.00 	15265.00 	15378.00 	15275.43 	15168.00 	15991.00 	15869.20 	15472.50 	14968.10 	14530.60 	14593.40 	14291.40 	13015.20 	12538.60 	12013.00 	12275.50 	11708.00 	11915.00 	12063.00 	10955.10 	10974.50 	11251.00 	11709.41 	11421.10 	11963.00 	11353.00 	10764.00 	10853.00 	11129.00 	11890.00 	12092.00 	11461.00 	11374.00 	11279.00 	11215.00 	10275.00 
A3100,M12,THS_HD,HR	: 	1049.00 	1121.00 	1163.00 	1167.00 	1156.00 	1110.00 	1182.00 	1233.40 	1230.70 	1249.90 	1103.90 	1348.34 	1488.49 	1204.96 	1489.34 	1346.66 	1286.50 	1233.82 	1233.55 	: 	: 	: 	: 	: 	: 	: 	: 	: 	: 	: 	: 	: 	: 	: 	: 	: 	: 	: 	: 	: 	: 	: 	: 	: 	: 	: 	: 	: 	: 	: 
A3100,M12,THS_HD,HU	: 	2872.00 	2870.00 	2907.00 	3124.00 	3136.00 	3004.00 	2989.00 	3044.00 	3169.00 	3247.00 	3383.00 	3871.00 	3987.00 	3853.00 	4059.00 	4913.00 	5082.00 	4822.00 	4834.00 	5335.00 	5479.00 	4931.00 	5289.00 	5032.00 	4356.00 	5001.00 	5364.00 	5993.00 	8000.00 	7660.00 	8327.00 	8216.00 	: 	: 	: 	: 	: 	: 	: 	: 	: 	: 	: 	: 	: 	: 	: 	: 	: 	: 
A3100,M12,THS_HD,IE	: 	1572.15 	1616.36 	1527.83 	1474.54 	1505.66 	1469.09 	1493.49 	1552.93 	1500.45 	1501.95 	1510.75 	1500.45 	1620.00 	1670.77 	1754.35 	1731.05 	1796.86 	1777.76 	1731.48 	1762.94 	1800.88 	1716.96 	1664.56 	1542.43 	1498.33 	1486.70 	1422.60 	1345.50 	1249.10 	1110.10 	1014.50 	960.10 	980.00 	994.20 	1019.50 	1053.30 	1081.20 	1027.00 	1030.80 	1057.00 	1099.60 	968.60 	972.00 	880.20 	796.30 	1035.20 	: 	: 	: 	: 
A3100,M12,THS_HD,IS	: 	36.00 	37.00 	38.00 	36.40 e	36.50 e	36.30 	36.30 	38.20 	: 	: 	: 	: 	: 	: 	: 	: 	: 	: 	: 	: 	: 	: 	: 	: 	: 	: 	: 	: 	: 	: 	: 	: 	: 	: 	: 	: 	: 	: 	: 	: 	: 	: 	: 	: 	: 	: 	: 	: 	: 	: 
A3100,M12,THS_HD,IT	: 	8492.23 	8570.75 	8477.93 	8674.79 	8676.10 	8561.28 	8661.53 	9350.78 	739.09 	9157.07 	9252.44 	9273.00 	9281.08 	9200.00 	8971.76 	9157.00 	9166.00 	8766.26 	8645.54 	8415.00 	8323.00 	8281.00 	8090.00 	8061.00 	8023.00 	8348.10 	8244.40 	8548.80 	8837.00 	9254.30 	9359.50 	9383.00 	9278.00 	9169.50 	9040.90 	9252.40 	9132.30 	9014.60 	8928.00 	8806.90 	8921.50 	9420.20 	9097.00 	8888.00 	8814.00 	8201.00 	7990.00 	8196.00 	8980.00 	9224.00 
A3100,M12,THS_HD,LT	: 	572.00 	611.90 	663.90 	687.80 	714.20 	754.60 	807.50 	790.30 	929.40 	928.20 	897.10 	923.20 	1127.10 	1114.70 	1073.30 	1057.40 	1061.00 	1010.80 	867.60 	936.10 	1159.00 	1200.10 	1127.60 	1270.00 	1259.80 	1196.20 	1359.80 	2179.80 	2435.90 	2730.20 	2705.00 	2706.30 	: 	: 	: 	: 	: 	: 	: 	: 	: 	: 	: 	: 	: 	: 	: 	: 	: 	: 
A3100,M12,THS_HD,LU	: 	82.59 	90.94 	95.48 	88.50 	92.69 	89.55 	88.61 	91.25 	89.39 	88.63 	77.84 	86.38 	86.95 	77.13 	77.13 	75.89 	76.48 	76.21 	82.60 	82.12 	80.95 	73.72 	76.98 	72.83 	67.87 	71.62 	66.08 	64.22 	70.20 	70.50 	72.65 	76.81 	73.84 	71.84 	70.21 	71.14 	73.50 	73.39 	87.63 	80.29 	90.73 	87.76 	89.00 	86.00 	95.00 	101.00 	102.00 	109.00 	131.00 	109.00 
A3100,M12,THS_HD,LV	: 	304.90 	320.56 	336.39 	334.16 	349.43 	367.54 	355.22 	374.98 	389.74 	376.54 	383.72 	414.42 	416.75 	427.90 	435.70 	444.40 	453.20 	428.70 	393.50 	404.90 	421.10 	429.90 	459.60 	552.80 	500.70 	481.80 	866.50 	1246.50 	1401.10 	1554.60 	1619.90 	1717.90 	: 	: 	: 	: 	: 	: 	: 	: 	: 	: 	: 	: 	: 	: 	: 	: 	: 	: 
A3100,M12,THS_HD,ME	: 	23.60 p	25.00 p	55.00 p	25.00 	22.00 	21.00 	18.45 	: 	: 	: 	: 	: 	: 	: 	: 	: 	: 	: 	: 	: 	: 	: 	: 	: 	: 	: 	: 	: 	: 	: 	: 	: 	: 	: 	: 	: 	: 	: 	: 	: 	: 	: 	: 	: 	: 	: 	: 	: 	: 	: 
A3100,M12,THS_HD,MK	: 	196.00 	202.00 	203.00 	195.00 	165.00 	167.00 	152.00 	: 	: 	: 	: 	: 	: 	: 	: 	: 	: 	: 	: 	: 	: 	: 	: 	: 	: 	: 	: 	: 	: 	: 	: 	: 	: 	: 	: 	: 	: 	: 	: 	: 	: 	: 	: 	: 	: 	: 	: 	: 	: 	: 
A3100,M12,THS_HD,MT	: 	36.29 	34.01 	40.60 	43.63 	47.47 	49.45 	45.21 	46.29 	69.28 	65.92 	65.51 	76.90 	73.68 	73.03 	76.85 	73.07 	78.30 	80.90 	: 	: 	61.42 	67.11 	64.57 	55.09 	55.47 	65.86 	60.25 	56.39 	53.76 	51.48 	53.37 	49.63 	: 	: 	: 	: 	: 	: 	: 	: 	: 	: 	: 	: 	: 	: 	: 	: 	: 	: 
A3100,M12,THS_HD,NL	: 	11934.00 	12296.00 	11881.00 	12453.00 	12065.00 	12013.00 	12104.00 	12103.00 	12206.00 	12108.00 	11735.00 	11710.00 	11220.00 	11000.00 	11140.00 	10765.54 	11154.00 	11514.00 	12822.00 	13139.00 	13418.00 	11437.00 	14253.00 	13935.00 	13931.00 	13991.00 	13709.00 	13727.00 	13788.00 	13634.00 	13820.00 	14226.00 	14063.00 	12908.00 	11799.00 	11008.00 	10590.00 	10193.00 	10196.00 	10044.00 	9301.00 	8429.00 	7354.00 	7016.00 	7153.00 	6889.00 	6480.00 	6316.00 	6340.00 	5294.00 
A3100,M12,THS_HD,PL	: 	11027.70 	11908.20 	11106.70 	10590.20 	11265.65 	10994.40 	11132.18 	13056.41 	14775.69 	14252.51 	14242.27 	17621.21 	18812.98 	18711.29 	17395.57 	18439.24 	18997.03 	17493.96 	16991.50 	18223.90 	19275.40 	18496.70 	17696.70 	20342.70 	19137.50 	17422.20 	21074.00 	20724.80 	19739.20 	18685.50 	20168.80 	19373.20 	: 	: 	: 	: 	: 	: 	: 	: 	: 	: 	: 	: 	: 	: 	: 	: 	: 	: 
A3100,M12,THS_HD,PT	: 	2205.05 	2165.31 	2151.16 	2247.33 	2126.91 	2014.38 	2024.12 	1985.03 	1917.30 	1944.57 	1954.56 	1978.19 	1916.84 	1955.01 	1967.40 	1885.88 	1963.66 	2013.70 	2117.63 	2349.81 	2385.00 	2394.00 	2375.00 	2430.00 	2444.00 	: 	: 	: 	: 	: 	: 	: 	: 	: 	: 	: 	: 	: 	: 	: 	: 	: 	: 	: 	: 	: 	: 	: 	: 	: 
A3100,M12,THS_HD,RO	: 	3925.30 	4406.00 	4707.70 	4926.90 	5041.70 	5180.20 	5234.30 	5363.80 	5428.30 	5793.40 	6173.70 	6564.90 	6814.61 	6603.80 	6494.70 	5145.00 	5058.00 	4446.80 	4797.00 	5848.00 	7194.00 	7097.00 	8235.00 	7960.00 	7758.00 	9262.00 	9852.00 	10954.00 	12003.00 	11671.00 	14351.00 	14328.00 	: 	: 	: 	: 	: 	: 	: 	: 	: 	: 	: 	: 	: 	: 	: 	: 	: 	: 
A3100,M12,THS_HD,RS	: 	2782.00 	2911.00 	3021.00 	3284.00 	3236.00 	3144.00 	3139.00 e	3287.00 	3489.00 	3631.00 	3594.00 	3832.00 	3999.00 	: 	: 	: 	: 	: 	: 	: 	: 	: 	: 	: 	: 	: 	: 	: 	: 	: 	: 	: 	: 	: 	: 	: 	: 	: 	: 	: 	: 	: 	: 	: 	: 	: 	: 	: 	: 	: 
A3100,M12,THS_HD,SE	: 	1417.20 	1382.30 	1436.40 	1435.30 	1457.90 	1480.40 	1473.70 	1567.70 	1607.00 	1615.80 	1702.60 	1727.50 	1661.52 	1797.40 	1920.42 	2004.00 	1982.00 	1920.17 	1896.10 	2021.10 	2321.30 	2353.00 	2319.00 	2317.30 	2324.00 	: 	: 	: 	: 	: 	: 	: 	: 	: 	: 	: 	: 	: 	: 	: 	: 	: 	: 	: 	: 	: 	: 	: 	: 	: 
A3100,M12,THS_HD,SI	: 	259.13 	257.24 	265.74 	271.39 	281.68 	288.35 	296.10 	347.31 	395.59 	415.23 	432.01 	542.59 	575.12 	547.43 	534.00 	620.51 	655.67 	599.90 	603.59 	558.46 	592.00 	578.00 	552.00 	592.00 	571.00 	592.00 	602.00 	529.00 	588.00 	558.00 	576.00 	607.00 	: 	: 	: 	: 	: 	: 	: 	: 	: 	: 	: 	: 	: 	: 	: 	: 	: 	: 
A3100,M12,THS_HD,SK	: 	627.02 	614.38 	585.84 	633.11 e	641.83 	637.17 	631.44 	580.39 	687.26 	740.86 	748.52 	951.93 	1104.83 	1108.27 	1149.28 	1443.01 	1553.88 	1517.29 	1488.44 	1562.11 	1593.00 	1810.00 	1985.00 	2076.00 	2037.00 	2179.00 	2281.00 	2428.00 	2521.00 	2708.00 	2698.00 	2617.00 	: 	: 	: 	: 	: 	: 	: 	: 	: 	: 	: 	: 	: 	: 	: 	: 	: 	: 
A3100,M12,THS_HD,UK	: 	4648.00 	4713.00 	4538.00 	4422.00 	4510.00 	4383.00 	4216.00 	4326.00 	4385.00 	4423.00 	4550.00 	4671.00 	4731.00 	4726.21 	4787.38 	4842.46 	5330.12 	5686.96 	5948.20 	7036.95 	7553.98 	8035.50 	7694.76 	7441.56 	7974.84 	7967.63 	7804.16 	7619.87 	7479.10 	7482.55 	7725.79 	8016.15 	8053.43 	8033.15 	7896.90 	7883.99 	8316.72 	8014.48 	7770.00 	7793.56 	7963.63 	7733.00 	8151.00 	7714.00 	7885.00 	9345.00 	: 	: 	: 	: 
A3100,M12,THS_HD,XK	: 	40.16 	41.09 	42.31 	44.15 	: 	: 	: 	: 	: 	: 	: 	: 	: 	: 	: 	: 	: 	: 	: 	: 	: 	: 	: 	: 	: 	: 	: 	: 	: 	: 	: 	: 	: 	: 	: 	: 	: 	: 	: 	: 	: 	: 	: 	: 	: 	: 	: 	: 	: 	: 
A3110,M04,THS_HD,AT	: 	: 	: 	: 	: 	: 	: 	: 	: 	: 	: 	: 	: 	: 	: 	: 	: 	: 	: 	: 	970.8 	1083.1 	1057.8 	1032.7 	1093.5 	1075.9 	1164.7 	: 	: 	: 	: 	: 	: 	: 	: 	: 	: 	: 	: 	: 	: 	: 	: 	: 	: 	: 	: 	: 	: 	: 	: 
A3110,M04,THS_HD,BE	: 	: 	: 	: 	: 	: 	: 	: 	: 	: 	: 	: 	: 	: 	: 	: 	: 	1810.7 	1953.3 	2076.6 	2177.6 	2162.2 	1987.3 	2000.9 	2011.3 	2006.9 	1903.5 	1902.6 	1722.3 	1960.8 	1805.0 	1851.0 	1685.0 	1553.2 	1585.9 	1475.0 	1507.7 	1449.0 	1491.4 	1537.5 	1503.0 	1476.0 	1528.0 	1439.0 	1393.0 	1610.0 	1418.0 	0.0 	0.0 	0.0 	0.0 
A3110,M04,THS_HD,CZ	: 	: 	: 	: 	: 	: 	: 	: 	: 	: 	: 	710.9 	883.5 	882.0 	881.0 	1002.0 	1043.0 	1082.0 	1060.0 	1099.0 	: 	: 	: 	: 	: 	: 	: 	: 	: 	: 	: 	: 	: 	: 	: 	: 	: 	: 	: 	: 	: 	: 	: 	: 	: 	: 	: 	: 	: 	: 	: 
A3110,M04,THS_HD,DE	: 	: 	: 	: 	: 	: 	: 	: 	: 	: 	: 	: 	: 	: 	: 	: 	: 	: 	: 	: 	: 	6776.2 	6545.0 	6451.2 	6753.0 	6853.8 	7438.5 	7349.2 	7468.1 	7479.2 	: 	: 	: 	: 	: 	: 	: 	: 	: 	: 	: 	: 	: 	: 	: 	: 	: 	: 	: 	: 	: 
A3110,M04,THS_HD,DK	: 	: 	: 	: 	: 	: 	: 	: 	: 	: 	: 	4100.0 p	4652.0 	4212.0 	4358.0 	4366.0 	4260.0 	4252.0 	4128.0 	3747.0 	3687.0 	3691.0 	3539.0 	3397.0 	3443.0 	3289.0 	3321.0 	3239.0 	3029.0 	3011.0 	3053.0 	2952.0 	3029.0 	3032.0 	2952.0 	2907.0 	3164.0 	3073.0 	3157.0 	3194.0 	3120.0 	2931.0 	2766.0 	2758.0 	2737.0 	2731.0 	0.0 	: 	: 	: 	: 
A3110,M04,THS_HD,EL	: 	: 	: 	: 	: 	: 	: 	: 	: 	: 	: 	: 	: 	: 	: 	: 	: 	: 	: 	: 	: 	: 	: 	: 	288.9 	347.5 	353.0 	346.0 	358.0 	356.7 	399.7 	420.0 	389.6 	389.7 	393.6 	398.5 	433.0 	443.5 	439.8 	: 	: 	: 	: 	: 	: 	: 	: 	: 	: 	: 	: 
A3110,M04,THS_HD,ES	: 	: 	: 	: 	: 	: 	: 	: 	: 	: 	: 	6463.8 	6824.7 	6302.9 	7414.4 	7342.8 	6595.3 	6719.3 	6253.0 	6337.5 	6096.0 	5953.0 	5582.0 	5229.0 	5604.0 	5500.0 	4884.5 	4936.3 	4955.6 	5069.4 	4830.6 	4820.8 	4615.0 	3670.6 	2881.2 	3171.5 	: 	: 	: 	: 	: 	: 	: 	: 	: 	: 	: 	: 	: 	: 	: 
A3110,M04,THS_HD,FI	: 	: 	: 	: 	: 	: 	: 	: 	: 	: 	: 	: 	: 	: 	: 	: 	: 	: 	: 	: 	471.2 	495.5 	441.2 	466.8 	450.3 	451.7 	: 	: 	: 	: 	: 	: 	: 	: 	: 	: 	: 	: 	: 	: 	: 	: 	: 	: 	: 	: 	: 	: 	: 	: 	: 
A3110,M04,THS_HD,FR	: 	: 	: 	: 	: 	: 	: 	: 	: 	: 	: 	: 	: 	: 	: 	: 	: 	: 	: 	: 	: 	3835.1 	3755.2 	3631.6 	3641.0 	3529.7 	3286.3 	3108.0 	2993.0 	2951.0 	2801.0 	2693.0 	3087.0 	2799.9 	2710.0 	2860.0 	3059.0 	3174.0 	2930.0 	3095.0 	2958.0 	3154.0 	2946.0 	2990.0 	2963.0 	3243.0 	3210.0 	3490.0 	3210.0 	3217.0 	3132.0 
A3110,M04,THS_HD,HU	: 	: 	: 	: 	: 	: 	: 	: 	: 	: 	: 	930.0 	1134.0 	1052.0 	1069.0 	1140.0 	1447.0 	1517.0 	1402.0 	1263.0 	1395.0 	1321.0 	1280.0 	1318.0 	1157.0 	1148.0 	1373.0 	1486.0 	1861.0 	2140.0 	: 	: 	: 	: 	: 	: 	: 	: 	: 	: 	: 	: 	: 	: 	: 	: 	: 	: 	: 	: 	: 
A3110,M04,THS_HD,IE	: 	: 	: 	: 	: 	: 	: 	: 	: 	: 	: 	: 	: 	: 	: 	: 	: 	: 	: 	: 	: 	: 	448.9 	425.9 	428.1 	440.5 	409.7 	382.5 	347.3 	296.9 	257.6 	241.6 	225.2 	238.8 	237.0 	242.7 	257.9 	251.8 	239.0 	240.0 	257.1 	247.5 	240.4 	246.1 	210.9 	241.6 	0.0 	: 	: 	: 	: 
A3110,M04,THS_HD,IT	: 	: 	: 	: 	: 	: 	: 	: 	: 	: 	: 	: 	: 	: 	: 	: 	: 	: 	: 	: 	: 	1500.0 	1460.0 	1508.0 	1470.0 	1527.6 	1510.0 	1554.4 	1580.7 	1658.8 	1860.8 	1837.8 	1820.3 	1817.8 	2169.0 	2171.8 	2185.8 	2152.5 	2103.1 	2064.7 	2007.6 	2090.0 	2193.0 	2023.0 	2024.0 	2170.0 	2050.0 	1750.0 	2480.0 	2581.0 	1836.0 
A3110,M04,THS_HD,LU	: 	: 	: 	: 	: 	: 	: 	: 	: 	: 	: 	: 	: 	: 	: 	: 	: 	: 	: 	: 	: 	: 	: 	: 	25.6 	25.4 	25.1 	23.4 	25.1 	28.0 	29.3 	31.4 	31.3 	30.6 	29.8 	30.8 	31.9 	30.3 	35.0 	35.4 	34.7 	37.0 	34.0 	34.0 	35.0 	37.0 	37.0 	35.0 	38.0 	38.0 	37.0 
A3110,M04,THS_HD,MT	: 	: 	: 	: 	: 	: 	: 	: 	: 	: 	: 	: 	: 	: 	: 	: 	: 	: 	: 	21.9 	23.0 	11.1 	11.7 	10.6 	9.4 	9.5 	10.0 	8.6 	9.1 	8.5 	10.0 	14.0 	8.3 	: 	: 	: 	: 	: 	: 	: 	: 	: 	: 	: 	: 	: 	: 	: 	: 	: 	: 
A3110,M04,THS_HD,NL	: 	: 	: 	: 	: 	: 	: 	: 	: 	: 	: 	5035.0 	4795.0 	4540.0 	4563.0 	4526.9 	4542.0 	4745.0 	5433.0 	5102.0 	5239.0 	5094.0 	5996.0 	5274.0 	5063.0 	5155.0 	5371.0 	5011.0 	4562.0 	4957.0 	4988.0 	5162.0 	4952.0 	4557.0 	4196.0 	3942.0 	3733.0 	3570.0 	3695.0 	2870.0 	2711.0 	2531.0 	2162.0 	1937.0 	1916.0 	1941.0 	1969.0 	1890.0 	1955.0 	1704.0 	1464.0 
A3110,M04,THS_HD,PL	: 	: 	: 	: 	: 	: 	: 	: 	: 	: 	: 	4791.6 p	5625.7 	5945.3 	5490.8 	5617.8 	6162.3 	5960.1 	5606.6 	5778.5 	6045.3 	6141.1 	: 	: 	: 	: 	: 	: 	: 	: 	: 	: 	: 	: 	: 	: 	: 	: 	: 	: 	: 	: 	: 	: 	: 	: 	: 	: 	: 	: 	: 
A3110,M04,THS_HD,PT	: 	: 	: 	: 	: 	: 	: 	: 	: 	: 	: 	: 	: 	: 	: 	: 	: 	: 	: 	: 	: 	: 	: 	: 	676.0 	676.0 	752.0 	708.0 	751.0 	764.0 	726.0 	728.0 	759.0 	: 	: 	: 	: 	: 	: 	: 	: 	: 	: 	: 	: 	: 	: 	: 	: 	: 	: 
A3110,M04,THS_HD,RO	: 	: 	: 	: 	: 	: 	: 	: 	: 	: 	: 	915.4 p	1100.5 	1245.9 	1307.9 	1152.0 	: 	: 	: 	: 	: 	: 	: 	: 	: 	: 	: 	: 	: 	: 	: 	: 	: 	: 	: 	: 	: 	: 	: 	: 	: 	: 	: 	: 	: 	: 	: 	: 	: 	: 	: 
A3110,M04,THS_HD,SE	: 	: 	: 	: 	: 	: 	: 	: 	: 	: 	: 	: 	: 	: 	: 	: 	: 	: 	: 	: 	: 	: 	: 	: 	777.0 	792.0 	: 	: 	: 	: 	: 	: 	: 	: 	: 	: 	: 	: 	: 	: 	: 	: 	: 	: 	: 	: 	: 	: 	: 	: 	: 
A3110,M04,THS_HD,SI	: 	: 	: 	: 	: 	: 	: 	: 	: 	: 	: 	: 	: 	: 	: 	: 	: 	: 	: 	: 	174.2 	173.0 	176.0 	: 	: 	: 	: 	: 	: 	: 	: 	: 	: 	: 	: 	: 	: 	: 	: 	: 	: 	: 	: 	: 	: 	: 	: 	: 	: 	: 	: 
A3110,M04,THS_HD,SK	: 	: 	: 	: 	: 	: 	: 	: 	: 	: 	: 	: 	: 	: 	: 	: 	: 	: 	: 	: 	513.2 	522.0 	: 	: 	: 	: 	: 	: 	: 	: 	: 	: 	: 	: 	: 	: 	: 	: 	: 	: 	: 	: 	: 	: 	: 	: 	: 	: 	: 	: 	: 
A3110,M04,THS_HD,UK	: 	: 	: 	: 	: 	: 	: 	: 	: 	: 	: 	: 	: 	: 	: 	: 	: 	: 	: 	: 	: 	2133.3 	2040.6 	1875.8 	1886.5 	1965.3 	2110.9 	2103.7 	2138.0 	2187.4 	2109.5 	2254.1 	2370.6 	2358.3 	2209.6 	2111.6 	2335.1 	2247.7 	2189.5 	2129.4 	2170.0 	2102.0 	2062.0 	2121.0 	2066.0 	2393.0 	0.0 	: 	: 	: 	: 
A3110,M05_M06,THS_HD,AT	639.12 	647.84 	666.99 	658.55 	678.28 	696.27 	719.44 	746.75 	776.92 	803.50 	820.56 	837.24 	833.16 	844.04 	879.38 	854.81 	895.28 	923.65 	896.24 	895.04 	: 	: 	: 	: 	: 	: 	: 	: 	: 	: 	: 	: 	: 	: 	: 	: 	: 	: 	: 	: 	: 	: 	: 	: 	: 	: 	: 	: 	: 	: 	: 
A3110,M05_M06,THS_HD,BE	1596.90 	1566.09 	1533.56 	1604.85 	1617.05 	1623.97 	1663.53 	1711.94 	1668.60 	1666.96 	1658.18 	1633.50 	1637.98 	1649.63 	1684.38 	1672.41 	1763.65 	1836.01 	1867.89 	2084.84 	2207.66 	2221.04 	: 	: 	: 	: 	: 	: 	: 	: 	: 	: 	: 	: 	: 	: 	: 	: 	: 	: 	: 	: 	: 	: 	: 	: 	: 	: 	: 	: 	: 
A3110,M05_M06,THS_HD,BG	: 	: 	: 	: 	: 	: 	: 	: 	: 	: 	: 	: 	: 	252.15 	: 	224.20 	246.40 	199.20 	172.60 	: 	: 	: 	: 	: 	: 	: 	: 	: 	: 	: 	: 	: 	: 	: 	: 	: 	: 	: 	: 	: 	: 	: 	: 	: 	: 	: 	: 	: 	: 	: 	: 
A3110,M05_M06,THS_HD,CZ	: 	: 	: 	: 	: 	: 	: 	: 	: 	: 	: 	: 	: 	: 	: 	: 	: 	1108.00 	1020.00 	1061.00 	: 	: 	: 	: 	: 	: 	: 	: 	: 	: 	: 	: 	: 	: 	: 	: 	: 	: 	: 	: 	: 	: 	: 	: 	: 	: 	: 	: 	: 	: 	: 
A3110,M05_M06,THS_HD,DE	7803.10 	7970.50 	7917.04 	8099.85 	8290.91 e	8256.97 	8166.95 	8268.37 	7840.45 	7391.43 	6804.53 	6947.33 	7173.68 	7109.30 	7129.88 	6760.47 	6878.06 	6918.74 	6917.72 	6697.44 	6867.58 	: 	: 	: 	: 	: 	: 	: 	: 	: 	: 	: 	: 	: 	: 	: 	: 	: 	: 	: 	: 	: 	: 	: 	: 	: 	: 	: 	: 	: 	: 
A3110,M05_M06,THS_HD,DK	4582.00 	4624.00 	4487.00 	4366.00 	4539.00 	4435.00 	4277.00 	4270.00 	4299.00 	4345.00 	4292.00 	4176.00 	4546.00 	4404.00 	: 	: 	: 	: 	: 	4040.00 	: 	: 	: 	: 	: 	: 	: 	: 	: 	: 	: 	: 	: 	: 	: 	: 	: 	: 	: 	: 	: 	: 	: 	: 	: 	: 	: 	: 	: 	: 	: 
A3110,M05_M06,THS_HD,ES	9044.87 p	8636.91 	8215.69 	8174.40 	7682.69 	7594.43 	7103.04 	7233.72 	7356.97 	6996.83 	6670.70 	: 	7352.70 	: 	: 	: 	: 	: 	: 	: 	: 	: 	: 	: 	: 	: 	: 	: 	: 	: 	: 	: 	: 	: 	: 	: 	: 	: 	: 	: 	: 	: 	: 	: 	: 	: 	: 	: 	: 	: 	: 
A3110,M05_M06,THS_HD,FI	: 	: 	: 	: 	: 	: 	: 	: 	: 	: 	: 	: 	: 	: 	449.60 	413.50 	421.20 	449.30 	428.50 	441.80 	: 	: 	: 	: 	: 	: 	: 	: 	: 	: 	: 	: 	: 	: 	: 	: 	: 	: 	: 	: 	: 	: 	: 	: 	: 	: 	: 	: 	: 	: 	: 
A3110,M05_M06,THS_HD,FR	4959.00 	4786.00 	5000.00 	4884.00 p	5029.00 	4945.00 	5032.00 	3365.00 	3474.00 	3518.00 	3535.00 	3624.00 	3666.50 	3653.50 	3742.00 	3676.00 	3603.00 	3707.00 	3666.07 	3758.10 	3814.00 	3835.10 	: 	: 	: 	: 	: 	: 	: 	: 	: 	: 	: 	: 	: 	: 	: 	: 	: 	: 	: 	: 	: 	: 	: 	: 	: 	: 	: 	: 	: 
A3110,M05_M06,THS_HD,HU	708.00 	720.00 	705.00 	732.00 	837.00 	803.00 	762.00 	725.00 	815.00 	823.00 	780.00 	: 	1134.00 	1052.00 	: 	: 	: 	: 	: 	: 	: 	: 	: 	: 	: 	: 	: 	: 	: 	: 	: 	: 	: 	: 	: 	: 	: 	: 	: 	: 	: 	: 	: 	: 	: 	: 	: 	: 	: 	: 	: 
A3110,M05_M06,THS_HD,IE	451.99 	451.87 	410.07 	445.31 	445.92 	441.03 	448.76 	444.27 	420.83 	393.39 	371.33 	388.69 	449.89 	436.30 	509.07 	495.20 	520.46 	548.17 	547.86 	526.48 	492.75 	469.23 	: 	: 	: 	: 	: 	: 	: 	: 	: 	: 	: 	: 	: 	: 	: 	: 	: 	: 	: 	: 	: 	: 	: 	: 	: 	: 	: 	: 	: 
A3110,M05_M06,THS_HD,IS	: 	: 	: 	0.00 d	: 	: 	: 	: 	: 	: 	: 	: 	: 	: 	: 	: 	: 	: 	: 	: 	: 	: 	: 	: 	: 	: 	: 	: 	: 	: 	: 	: 	: 	: 	: 	: 	: 	: 	: 	: 	: 	: 	: 	: 	: 	: 	: 	: 	: 	: 	: 
A3110,M05_M06,THS_HD,IT	1396.87 	1420.67 	1368.92 	1441.87 	1410.17 	1393.05 	1417.80 	1860.93 	1701.22 	1739.96 	1754.76 	1750.70 	1739.20 	1741.06 	1700.95 	1683.00 	1637.00 	1434.00 	1512.00 	1479.00 	1473.00 	1510.00 	: 	: 	: 	: 	: 	: 	: 	: 	: 	: 	: 	: 	: 	: 	: 	: 	: 	: 	: 	: 	: 	: 	: 	: 	: 	: 	: 	: 	: 
A3110,M05_M06,THS_HD,LT	: 	: 	: 	: 	: 	: 	: 	: 	: 	: 	: 	: 	: 	: 	: 	: 	276.90 	: 	: 	: 	214.90 	: 	: 	: 	: 	: 	: 	: 	: 	: 	: 	: 	: 	: 	: 	: 	: 	: 	: 	: 	: 	: 	: 	: 	: 	: 	: 	: 	: 	: 	: 
A3110,M05_M06,THS_HD,LU	: 	: 	: 	: 	: 	: 	: 	: 	: 	: 	: 	: 	9.69 	10.87 	12.03 	12.03 	26.94 	27.11 	26.32 	28.88 	32.52 	32.06 	: 	: 	: 	: 	: 	: 	: 	: 	: 	: 	: 	: 	: 	: 	: 	: 	: 	: 	: 	: 	: 	: 	: 	: 	: 	: 	: 	: 	: 
A3110,M05_M06,THS_HD,LV	: 	: 	: 	: 	: 	: 	: 	: 	: 	: 	: 	: 	: 	: 	: 	: 	: 	106.50 	: 	85.50 	99.50 	: 	: 	: 	: 	: 	: 	: 	: 	: 	: 	: 	: 	: 	: 	: 	: 	: 	: 	: 	: 	: 	: 	: 	: 	: 	: 	: 	: 	: 	: 
A3110,M05_M06,THS_HD,NL	5551.02 	5652.98 	5611.56 	5576.80 	5597.81 	5382.00 	5274.00 	5180.00 	5277.00 	5120.00 	5050.00 	4966.00 	4840.00 	: 	: 	: 	: 	: 	: 	: 	: 	: 	: 	: 	: 	: 	: 	: 	: 	: 	: 	: 	: 	: 	: 	: 	: 	: 	: 	: 	: 	: 	: 	: 	: 	: 	: 	: 	: 	: 	: 
A3110,M05_M06,THS_HD,PL	2419.00 	2744.00 	2853.00 	2944.00 	3127.69 	3225.13 	3161.89 	3472.41 	4111.31 	4485.99 	4362.56 	: 	: 	: 	: 	: 	: 	6516.97 	: 	: 	: 	: 	: 	: 	: 	: 	: 	: 	: 	: 	: 	: 	: 	: 	: 	: 	: 	: 	: 	: 	: 	: 	: 	: 	: 	: 	: 	: 	: 	: 	: 
A3110,M05_M06,THS_HD,RO	737.40 	762.50 	841.50 	873.50 	878.20 	868.50 	867.70 	839.00 	841.40 	911.40 	936.90 	972.70 	: 	: 	: 	: 	: 	: 	: 	: 	: 	: 	: 	: 	: 	: 	: 	: 	: 	: 	: 	: 	: 	: 	: 	: 	: 	: 	: 	: 	: 	: 	: 	: 	: 	: 	: 	: 	: 	: 	: 
A3110,M05_M06,THS_HD,RS	1032.00 	1108.00 	976.00 	1074.00 	1375.00 	1276.00 	: 	: 	: 	: 	: 	: 	: 	: 	: 	: 	: 	: 	: 	: 	: 	: 	: 	: 	: 	: 	: 	: 	: 	: 	: 	: 	: 	: 	: 	: 	: 	: 	: 	: 	: 	: 	: 	: 	: 	: 	: 	: 	: 	: 	: 
A3110,M05_M06,THS_HD,SE	383.44 	360.55 	384.73 	378.50 	393.37 	375.67 	397.28 	370.41 	428.87 	438.93 	425.95 	465.35 	491.64 	491.64 	554.69 	528.00 	567.39 	574.00 	586.20 	566.00 	651.40 	733.00 	: 	: 	: 	: 	: 	: 	: 	: 	: 	: 	: 	: 	: 	: 	: 	: 	: 	: 	: 	: 	: 	: 	: 	: 	: 	: 	: 	: 	: 
A3110,M05_M06,THS_HD,SI	: 	: 	: 	: 	: 	: 	: 	: 	: 	: 	: 	: 	: 	: 	: 	: 	193.17 	204.30 	187.13 	186.90 	: 	: 	: 	: 	: 	: 	: 	: 	: 	: 	: 	: 	: 	: 	: 	: 	: 	: 	: 	: 	: 	: 	: 	: 	: 	: 	: 	: 	: 	: 	: 
A3110,M05_M06,THS_HD,SK	: 	: 	: 	: 	: 	: 	: 	: 	: 	: 	: 	: 	: 	: 	: 	: 	: 	491.46 	: 	: 	545.45 	: 	: 	: 	: 	: 	: 	: 	: 	: 	: 	: 	: 	: 	: 	: 	: 	: 	: 	: 	: 	: 	: 	: 	: 	: 	: 	: 	: 	: 	: 
A3110,M05_M06,THS_HD,UK	1433.00 p	1502.00 	1413.00 	1344.00 	1263.00 	1284.00 	1364.00 	1173.00 	1171.00 	1174.00 	1219.00 	1225.00 	1253.00 	1310.92 	1317.49 	1446.27 	1396.37 	1501.09 	1512.88 	1691.16 	1973.23 	2169.57 	2147.30 	: 	: 	: 	: 	: 	: 	: 	: 	: 	: 	: 	: 	: 	: 	: 	: 	: 	: 	: 	: 	: 	: 	: 	: 	: 	: 	: 	: 
A3110,M08,THS_HD,BE	: 	: 	: 	: 	: 	: 	: 	: 	: 	: 	: 	: 	: 	: 	: 	: 	: 	1866.6 	1925.8 	2006.8 	2182.3 	2175.7 	2131.0 	2046.6 	1954.0 	1932.2 	2024.4 	1942.6 	1715.8 	2162.0 	1785.0 	1805.0 	1678.0 	1541.7 	1436.0 	1422.0 	1460.2 	1381.2 	1453.0 	1467.7 	1460.4 	1491.7 	1406.0 	1450.0 	1336.3 	1620.0 	1410.0 	0.0 	0.0 	0.0 	0.0 
A3110,M08,THS_HD,CZ	: 	: 	: 	: 	: 	: 	: 	: 	: 	: 	: 	: 	884.8 	843.0 	918.0 	927.0 	1046.0 	: 	: 	1054.0 	: 	: 	: 	: 	: 	: 	: 	: 	: 	: 	: 	: 	: 	: 	: 	: 	: 	: 	: 	: 	: 	: 	: 	: 	: 	: 	: 	: 	: 	: 	: 
A3110,M08,THS_HD,DE	: 	: 	: 	: 	: 	: 	: 	: 	: 	: 	: 	: 	: 	: 	: 	: 	: 	: 	: 	: 	: 	6844.0 	6563.5 	6539.6 	6575.3 	6815.3 	7391.5 	7473.5 	7311.7 	: 	: 	: 	: 	: 	: 	: 	: 	: 	: 	: 	: 	: 	: 	: 	: 	: 	: 	: 	: 	: 	: 
A3110,M08,THS_HD,DK	: 	: 	: 	: 	: 	: 	: 	: 	: 	: 	: 	4176.0 	4546.0 	4494.0 	4277.0 	4309.0 	4395.0 	4217.0 	4201.0 	4040.0 	3930.0 	3777.0 	3487.0 	3520.0 	3333.0 	3393.0 	3375.0 	3242.0 	3062.0 	2934.0 	2949.0 	2917.0 	3048.0 	3056.0 	2980.0 	2821.0 	2998.0 	3160.0 	3057.0 	3263.0 	3200.0 	2896.0 	2767.0 	2720.0 	2615.0 	2781.0 	2809.0 	: 	: 	: 	: 
A3110,M08,THS_HD,EL	: 	: 	: 	: 	: 	: 	: 	: 	: 	: 	: 	: 	: 	: 	: 	: 	: 	: 	: 	: 	: 	: 	294.0 	299.4 	301.9 	363.1 	347.0 	346.0 	339.0 	378.0 	356.0 	395.3 	372.0 	382.7 	368.0 	360.2 	408.8 	461.0 	: 	: 	: 	: 	: 	: 	: 	: 	: 	: 	: 	: 	: 
A3110,M08,THS_HD,ES	: 	: 	: 	: 	: 	: 	: 	: 	: 	: 	: 	6794.9 	7352.7 	7385.6 	7455.3 	7462.9 	6587.9 	6554.9 	6664.0 	6028.7 	6394.0 	6619.0 	5887.0 	5185.0 	5421.2 	5559.8 	5309.9 	4799.6 	4851.1 	4897.9 	4573.0 	4531.3 	4671.0 	4038.6 	2917.5 	3125.7 	: 	: 	: 	: 	: 	: 	: 	: 	: 	: 	: 	: 	: 	: 	: 
A3110,M08,THS_HD,FI	: 	: 	: 	: 	: 	: 	: 	: 	: 	: 	: 	: 	: 	: 	: 	: 	: 	: 	: 	: 	456.1 	479.6 	455.8 	474.3 	446.0 	451.7 	0.0 	0.0 	: 	: 	: 	: 	: 	: 	: 	: 	: 	: 	: 	: 	: 	: 	: 	: 	: 	: 	: 	: 	: 	: 	: 
A3110,M08,THS_HD,FR	: 	: 	: 	: 	: 	: 	: 	: 	: 	: 	: 	: 	: 	: 	: 	: 	: 	: 	: 	: 	: 	3725.1 	3652.0 	3515.7 	3518.0 	3506.8 	3325.4 	3216.0 	3120.7 	3001.0 	2846.0 	2743.0 	3004.0 	2615.0 	2755.0 	2853.0 	2997.0 	2944.0 	3067.0 	3038.0 	2733.0 	3089.0 	2985.0 	3265.0 	2970.0 	3217.0 	3246.0 	3340.0 	3180.0 	3063.0 	2930.0 
A3110,M08,THS_HD,HU	: 	: 	: 	: 	: 	: 	: 	: 	: 	: 	: 	898.0 	1026.0 	1002.0 	1046.0 	1072.0 	1264.0 	1383.0 	1278.0 	1300.0 	1320.0 	1284.0 	1160.0 	1363.0 	: 	: 	: 	: 	: 	: 	: 	: 	: 	: 	: 	: 	: 	: 	: 	: 	: 	: 	: 	: 	: 	: 	: 	: 	: 	: 	: 
A3110,M08,THS_HD,IE	: 	: 	: 	: 	: 	: 	: 	: 	: 	: 	: 	: 	: 	: 	: 	: 	: 	: 	: 	: 	: 	: 	444.2 	439.6 	412.6 	432.5 	424.3 	394.2 	354.6 	311.2 	271.9 	240.7 	228.8 	234.1 	253.3 	243.6 	242.8 	258.9 	234.7 	227.8 	240.4 	248.7 	231.3 	248.5 	211.3 	204.1 	0.0 	: 	: 	: 	: 
A3110,M08,THS_HD,IT	: 	: 	: 	: 	: 	: 	: 	: 	: 	: 	: 	: 	: 	: 	: 	: 	: 	: 	: 	: 	: 	1610.0 	1620.0 	1588.0 	1510.0 	1483.3 	1442.7 	1460.4 	1510.2 	1577.8 	1799.7 	1780.1 	1776.0 	1758.8 	1736.6 	1745.2 	2090.8 	2085.2 	2034.9 	1988.0 	1967.5 	2111.0 	2136.0 	2136.0 	2109.0 	2001.0 	2063.0 	1820.0 	1956.0 	2300.0 	2162.0 
A3110,M08,THS_HD,LU	: 	: 	: 	: 	: 	: 	: 	: 	: 	: 	: 	: 	: 	: 	: 	: 	: 	: 	: 	: 	: 	: 	26.8 	27.3 	24.0 	24.0 	24.7 	25.3 	23.9 	25.2 	27.8 	30.4 	30.0 	28.8 	28.3 	28.8 	29.8 	28.6 	29.4 	31.6 	30.4 	36.0 	36.0 	34.0 	33.0 	37.0 	35.0 	34.0 	34.0 	40.0 	37.0 
A3110,M08,THS_HD,NL	: 	: 	: 	: 	: 	: 	: 	: 	: 	: 	: 	: 	4680.0 	4470.0 	4375.0 	4320.0 	4240.0 	4433.0 	4798.0 	4820.0 	5367.0 	5012.0 	4011.0 	5326.0 	5596.0 	5204.0 	5347.0 	5048.0 	4611.0 	5077.0 	5042.0 	5086.0 	5019.0 	4575.0 	4295.0 	3895.0 	3683.0 	3606.0 	3631.0 	2821.0 	2659.0 	2553.0 	2167.0 	1888.0 	1798.0 	1945.0 	1830.0 	1824.0 	1798.0 	1746.0 	1409.0 
A3110,M08,THS_HD,PL	: 	: 	: 	: 	: 	: 	: 	: 	: 	: 	: 	4708.1 	5695.5 	6127.4 	6041.9 	5510.4 p	6226.7 	6486.1 	5873.1 	5750.8 	6270.2 	6685.4 	: 	: 	: 	: 	: 	: 	: 	: 	: 	: 	: 	: 	: 	: 	: 	: 	: 	: 	: 	: 	: 	: 	: 	: 	: 	: 	: 	: 	: 
A3110,M08,THS_HD,PT	: 	: 	: 	: 	: 	: 	: 	: 	: 	: 	: 	: 	: 	: 	: 	: 	: 	: 	: 	: 	: 	: 	711.1 	723.9 	730.1 	793.8 	799.0 	785.0 	812.0 	785.0 	730.0 	741.0 	798.0 	: 	: 	: 	: 	: 	: 	: 	: 	: 	: 	: 	: 	: 	: 	: 	: 	: 	: 
A3110,M08,THS_HD,RO	: 	: 	: 	: 	: 	: 	: 	: 	: 	: 	: 	819.4 	1029.0 p	1132.9 	1074.4 	: 	: 	: 	: 	: 	: 	: 	: 	: 	: 	: 	: 	: 	: 	: 	: 	: 	: 	: 	: 	: 	: 	: 	: 	: 	: 	: 	: 	: 	: 	: 	: 	: 	: 	: 	: 
A3110,M08,THS_HD,SE	: 	: 	: 	: 	: 	: 	: 	: 	: 	: 	: 	: 	: 	: 	: 	: 	: 	: 	: 	: 	: 	: 	764.0 	765.0 	768.0 	792.0 	775.0 	776.0 	: 	: 	: 	: 	: 	: 	: 	: 	: 	: 	: 	: 	: 	: 	: 	: 	: 	: 	: 	: 	: 	: 	: 
A3110,M08,THS_HD,SI	: 	: 	: 	: 	: 	: 	: 	: 	: 	: 	: 	: 	: 	: 	: 	: 	: 	: 	: 	: 	170.7 	166.0 	158.0 	: 	: 	: 	: 	: 	: 	: 	: 	: 	: 	: 	: 	: 	: 	: 	: 	: 	: 	: 	: 	: 	: 	: 	: 	: 	: 	: 	: 
A3110,M08,THS_HD,SK	: 	: 	: 	: 	: 	: 	: 	: 	: 	: 	: 	: 	: 	: 	: 	: 	: 	: 	: 	: 	545.8 	521.0 	: 	: 	: 	: 	: 	: 	: 	: 	: 	: 	: 	: 	: 	: 	: 	: 	: 	: 	: 	: 	: 	: 	: 	: 	: 	: 	: 	: 	: 
A3110,M08,THS_HD,UK	: 	: 	: 	: 	: 	: 	: 	: 	: 	: 	: 	: 	: 	: 	: 	: 	: 	: 	: 	: 	: 	2127.0 	2150.5 	2015.2 	2057.8 	2163.9 	2191.6 	2194.4 	2125.1 	2121.1 	2087.0 	2271.9 	2229.8 	2278.6 	2224.2 	2131.4 	2261.4 	2237.6 	2146.9 	2103.1 	2124.7 	2226.2 	2051.0 	2150.0 	1999.0 	2191.0 	0.0 	: 	: 	: 	: 
A3110,M12,THS_HD,AL	: 	38.83 	37.83 	38.78 p	29.10 e	28.52 e	: 	: 	: 	: 	: 	: 	: 	: 	: 	: 	: 	: 	: 	: 	: 	: 	: 	: 	: 	: 	: 	: 	: 	: 	: 	: 	: 	: 	: 	: 	: 	: 	: 	: 	: 	: 	: 	: 	: 	: 	: 	: 	: 	: 	: 
A3110,M12,THS_HD,AT	: 	652.75 	667.80 	660.56 	683.35 	692.73 	684.61 	718.81 	717.90 	764.54 	759.61 	742.87 	796.42 	779.44 	762.59 	792.17 	785.17 	816.64 	869.44 	853.32 	862.91 	967.09 	951.80 	953.13 	947.71 	965.99 	997.95 	1148.52 	: 	: 	: 	: 	: 	: 	: 	: 	: 	: 	: 	: 	: 	: 	: 	: 	: 	: 	: 	: 	: 	: 	: 
A3110,M12,THS_HD,BA	: 	187.00 e	189.00 e	181.00 e	180.00 e	174.00 e	172.00 e	171.00 e	167.00 e	170.00 e	: 	: 	: 	: 	: 	: 	: 	: 	: 	: 	: 	: 	: 	: 	: 	: 	: 	: 	: 	: 	: 	: 	: 	: 	: 	: 	: 	: 	: 	: 	: 	: 	: 	: 	: 	: 	: 	: 	: 	: 	: 
A3110,M12,THS_HD,BE	: 	1596.52 	1563.80 	1577.09 	1630.64 	1627.46 	1617.42 	1643.16 	1541.68 	1488.34 	1588.42 	1608.90 	1561.08 	1621.88 	1527.91 	1645.45 	1619.37 	1788.94 	1749.90 	2012.66 	1978.52 	2074.88 	2006.53 	1918.29 	1894.40 	1833.20 	1862.46 	1846.60 	1726.75 	1660.09 	1715.16 	1683.88 	1558.00 	1526.06 	1447.76 	1421.17 	1391.00 	1383.93 	1356.77 	1336.25 	1353.40 	1348.20 	1311.72 	1266.00 	1259.00 	1220.00 	1260.00 	1164.00 	1079.00 	1127.00 	933.00 
A3110,M12,THS_HD,BG	: 	152.47 	133.23 	121.16 	129.42 	141.47 	100.48 	108.54 	130.21 	129.65 	124.85 	146.46 	146.53 	210.51 	187.31 	189.61 	204.90 	189.40 	154.20 	150.80 	: 	: 	: 	: 	: 	557.00 	: 	: 	: 	: 	: 	: 	625.00 	: 	: 	: 	: 	: 	: 	: 	: 	: 	: 	: 	: 	: 	: 	: 	: 	: 	: 
A3110,M12,THS_HD,CH	: 	538.17 	554.23 	569.94 	608.50 	611.93 	608.27 	637.09 	652.53 	657.59 	636.04 	634.93 	661.47 	692.00 	658.93 	: 	: 	: 	: 	: 	: 	: 	: 	: 	: 	: 	: 	: 	: 	: 	: 	: 	: 	: 	: 	: 	: 	: 	: 	: 	: 	: 	: 	: 	: 	: 	: 	: 	: 	: 	: 
A3110,M12,THS_HD,CY	: 	127.94 	124.38 	123.54 p	126.57 	126.46 	126.35 	145.36 	153.38 	158.76 	158.49 	159.95 	157.34 	151.19 	142.71 	165.70 	169.41 	166.65 	150.83 	137.17 	130.69 	149.09 	149.87 	72.93 	69.92 	67.19 	62.62 	66.14 	63.00 	56.82 	141.00 	138.00 	133.00 	: 	: 	: 	: 	: 	: 	: 	: 	: 	: 	: 	: 	: 	: 	: 	: 	: 	: 
A3110,M12,THS_HD,CZ	: 	465.71 	476.96 	414.94 	415.90 	440.09 	451.89 	404.38 	412.13 	494.39 	497.31 	561.44 	725.92 	751.40 	783.00 	818.00 	917.00 	979.00 	666.00 	727.00 	748.00 	806.00 	834.00 	834.00 	842.00 	812.00 	859.00 	1000.00 	1036.00 	1024.00 	1090.00 	1125.00 	1118.00 	: 	: 	: 	: 	: 	: 	: 	: 	: 	: 	: 	: 	: 	: 	: 	: 	: 	: 
A3110,M12,THS_HD,DE	: 	7671.60 	8071.20 	7998.23 	8100.85 	8097.77 	8219.05 	8116.61 	7997.48 	7148.73 	6716.18 	6550.46 	6740.32 	6681.74 	6878.29 	6851.14 	6710.42 	6724.53 	6577.18 	6460.58 	6518.30 	6573.73 	6148.45 	6019.74 	5804.23 	6151.93 	6649.40 	6752.63 	6724.75 	5895.22 	6057.87 	6097.62 	6558.27 	7044.91 	6968.19 	6535.98 	6359.57 	6073.88 	6017.00 	6099.00 	6059.20 	6146.80 	5790.50 	5499.00 	5478.00 	5618.00 	5746.00 	4775.00 	4672.00 	5124.00 	4836.00 
A3110,M12,THS_HD,DK	: 	4543.00 	4582.00 	4337.00 	4416.00 	4468.00 	4340.00 	4280.00 	4235.00 	4146.00 	4336.00 	4071.00 	4251.00 	4435.00 	4102.00 	4273.00 	4215.00 	4112.00 	4134.00 	4001.00 	3706.00 	3667.00 	3612.00 	3528.00 	3285.00 	3257.00 	3317.00 	3125.00 	2992.00 	2832.00 	2685.00 	2812.00 	2730.00 	2924.00 	2780.00 	2723.00 	2750.00 	2930.00 	2970.00 	2998.00 	2943.00 	2900.00 	2545.00 	2570.00 	2526.00 	2692.00 	2743.00 	: 	: 	: 	: 
A3110,M12,THS_HD,EE	: 	104.70 	98.40 	85.00 	96.70 	111.60 	118.60 	125.60 	113.90 	116.10 	120.70 	117.10 	122.80 	117.40 	114.20 	118.10 	104.10 	104.10 	100.30 	81.20 	75.20 	: 	: 	: 	: 	: 	: 	: 	: 	: 	: 	: 	: 	: 	: 	: 	: 	: 	: 	: 	: 	: 	: 	: 	: 	: 	: 	: 	: 	: 	: 
A3110,M12,THS_HD,EL	: 	204.00 	204.00 	195.00 	217.00 	298.00 	296.00 	285.00 	298.00 	306.00 	302.00 	299.00 	290.00 	289.50 	279.71 	269.00 	266.00 	294.00 	220.00 	251.00 	264.00 	238.00 	273.00 	269.00 	272.00 	281.00 	338.00 	352.00 	289.00 	350.00 	359.00 	365.22 	368.00 	346.00 	337.70 	352.34 	395.24 	398.00 	: 	: 	: 	: 	: 	: 	: 	: 	: 	: 	: 	: 	: 
A3110,M12,THS_HD,ES	: 	8550.74 p	8364.93 	8100.46 	7909.64 	7879.91 	7055.32 	7084.78 	6928.22 	6999.07 	6591.18 	7148.67 	7060.26 	6833.26 	6749.88 	7349.28 	6251.05 	6156.56 	6285.59 	5890.71 	5702.00 	5922.00 	5314.00 	4871.00 	4672.00 	4826.06 	4590.86 	4760.71 	4144.16 	3968.26 	4457.62 	4218.66 	4377.53 	3932.90 	2907.40 	2865.13 	: 	: 	: 	: 	: 	: 	: 	: 	: 	: 	: 	: 	: 	: 	: 
A3110,M12,THS_HD,EU15	: 	36344.52 	36767.16 	35431.12 	36116.15 	35876.30 	34808.13 	34719.72 	34640.53 	: 	33268.49 	33245.85 	33854.13 	33631.98 	33161.94 	34152.33 	32394.71 	33107.35 	33136.89 	33318.60 	33319.44 	34236.03 	31958.93 	32059.10 	30970.17 	31321.04 	: 	: 	: 	: 	: 	: 	: 	: 	: 	: 	: 	: 	: 	: 	: 	: 	: 	: 	: 	: 	: 	: 	: 	: 	: 
A3110,M12,THS_HD,EU25	: 	40419.18 	41277.62 	39950.58 	40453.99 e	40557.72 	39574.91 	39477.71 	40046.47 	: 	39694.49 	39696.18 	41953.47 	42230.34 	42112.47 	42717.91 	41425.56 	42705.15 	41726.24 	: 	: 	: 	: 	: 	: 	: 	: 	: 	: 	: 	: 	: 	: 	: 	: 	: 	: 	: 	: 	: 	: 	: 	: 	: 	: 	: 	: 	: 	: 	: 	: 
A3110,M12,THS_HD,EU27	: 	41270.04 	42247.55 	40857.44 	41379.91 e	41504.50 	40486.68 	40385.25 	40950.87 	: 	40586.54 	40658.85 	43003.10 	43357.66 	43151.38 	43816.02 	: 	: 	: 	: 	: 	: 	: 	: 	: 	: 	: 	: 	: 	: 	: 	: 	: 	: 	: 	: 	: 	: 	: 	: 	: 	: 	: 	: 	: 	: 	: 	: 	: 	: 	: 
A3110,M12,THS_HD,EU28	: 	41544.04 	42506.55 	41166.44 	41704.91 e	41831.50 	40827.68 	40714.25 	41337.97 	: 	40930.84 	40943.95 	43365.27 	43754.78 	43511.75 	44247.07 	: 	: 	: 	: 	: 	: 	: 	: 	: 	: 	: 	: 	: 	: 	: 	: 	: 	: 	: 	: 	: 	: 	: 	: 	: 	: 	: 	: 	: 	: 	: 	: 	: 	: 	: 
A3110,M12,THS_HD,FI	: 	273.30 	312.40 	342.30 	345.30 	327.50 	328.40 	327.40 	333.50 	360.90 	355.50 	383.30 	391.80 	410.30 	407.70 	395.70 	384.70 	388.20 	373.60 	419.60 	419.50 	437.30 	418.60 	419.40 	415.90 	384.00 	: 	: 	: 	: 	: 	: 	: 	: 	: 	: 	: 	: 	: 	: 	: 	: 	: 	: 	: 	: 	: 	: 	: 	: 	: 
A3110,M12,THS_HD,FR	: 	3350.00 	3259.00 	3122.00 p	3261.00 	3219.00 	3247.00 	3307.00 	3373.00 	3466.00 	3545.00 	3555.00 	3615.00 	3700.00 	3708.00 	3687.00 	3649.00 	3715.00 	3721.00 	3652.80 	3798.10 	3820.00 	3693.30 	3488.10 	3401.70 	3480.30 	3266.20 	3064.90 	2947.10 	2770.00 	2806.90 	2659.00 	2801.00 	2876.00 	2607.40 	2660.40 	2834.00 	2952.68 	2546.70 	2553.00 	2844.00 	2424.00 	2525.00 	2458.00 	2556.00 	2729.00 	2605.00 	2701.00 	2688.00 	2808.00 	2395.00 
A3110,M12,THS_HD,HR	: 	274.00 	259.00 	309.00 	325.00 	327.00 	341.00 	329.00 	387.10 	377.40 	344.30 	285.10 	362.17 	397.12 	360.37 	431.05 	388.87 	392.50 	392.63 	373.03 	: 	: 	: 	: 	: 	: 	: 	: 	: 	: 	: 	: 	: 	: 	: 	: 	: 	: 	: 	: 	: 	: 	: 	: 	: 	: 	: 	: 	: 	: 	: 
A3110,M12,THS_HD,HU	: 	690.00 	654.00 	668.00 	712.00 	751.00 	689.00 	682.00 	695.00 	681.00 	727.00 	743.00 	866.00 	905.00 	843.00 	920.00 	1042.00 	1227.00 	1141.00 	1062.00 	1060.00 	1199.00 	1076.00 	1169.00 	1010.00 	: 	954.00 	: 	1079.00 	: 	1531.00 	1635.00 	1611.00 	: 	: 	: 	: 	: 	: 	: 	: 	: 	: 	: 	: 	: 	: 	: 	: 	: 	: 
A3110,M12,THS_HD,IE	: 	436.87 	449.92 	426.24 	408.02 	439.05 	427.21 	407.67 	447.90 	405.73 	385.27 	410.66 	435.71 	420.70 	478.41 	504.81 	496.31 	538.04 	522.64 	481.80 	485.70 	469.29 	452.99 	450.27 	410.36 	414.15 	427.20 	397.60 	365.20 	333.90 	279.90 	244.70 	217.20 	219.40 	240.50 	238.80 	240.70 	239.70 	236.30 	224.60 	227.90 	255.70 	217.70 	237.60 	222.70 	182.90 	259.10 	: 	: 	: 	: 
A3110,M12,THS_HD,IS	: 	7.20 	7.20 	7.20 	7.20 e	7.20 e	7.20 	7.20 	8.60 	: 	: 	: 	: 	: 	: 	: 	: 	: 	: 	: 	: 	: 	: 	: 	: 	: 	: 	: 	: 	: 	: 	: 	: 	: 	: 	: 	: 	: 	: 	: 	: 	: 	: 	: 	: 	: 	: 	: 	: 	: 	: 
A3110,M12,THS_HD,IT	: 	1407.23 	1385.18 	1375.03 	1407.85 	1406.80 	1450.08 	1406.91 	1748.69 	: 	1683.89 	1690.88 	1728.00 	1739.47 	1716.00 	1670.00 	1679.00 	1767.00 	1595.49 	1584.78 	1533.00 	1520.00 	1496.00 	1450.00 	1435.00 	1404.00 	1514.00 	1464.70 	1519.80 	1565.10 	1800.60 	1839.50 	1818.60 	1801.50 	1797.10 	1749.90 	1758.30 	2176.90 	2124.50 	2022.50 	2000.20 	1998.20 	2195.20 	2108.00 	2007.00 	1954.00 	1939.00 	2059.00 	2033.00 	2421.00 	2518.00 
A3110,M12,THS_HD,LT	: 	113.40 	117.20 	124.40 	120.20 	124.50 	126.90 	140.40 	138.60 	171.90 	229.00 	162.90 	191.60 	249.80 	222.00 	199.00 	194.30 	181.20 	188.50 	161.40 	159.40 	232.50 	220.10 	: 	: 	: 	: 	: 	: 	: 	: 	: 	: 	: 	: 	: 	: 	: 	: 	: 	: 	: 	: 	: 	: 	: 	: 	: 	: 	: 	: 
A3110,M12,THS_HD,LU	: 	17.20 	18.41 	11.54 	7.76 	9.76 	8.32 	8.29 	8.05 	8.34 	9.76 	10.06 	8.77 	9.49 	12.24 	12.24 	13.43 	21.12 	24.77 	27.23 	30.75 	24.69 	25.49 	27.76 	26.00 	24.70 	23.59 	23.16 	21.73 	23.67 	25.71 	27.56 	28.73 	28.91 	26.87 	27.25 	28.28 	28.02 	27.68 	32.53 	29.13 	31.26 	31.23 	31.00 	31.00 	33.00 	34.00 	33.00 	34.00 	41.00 	35.00 
A3110,M12,THS_HD,LV	: 	57.56 	62.91 	75.61 	74.26 	81.01 	87.07 	79.22 	83.97 	89.84 	88.13 	81.43 	87.19 	99.10 	99.10 	101.40 	95.10 	98.10 	85.40 	81.90 	81.70 	94.70 	88.60 	95.90 	151.40 	: 	: 	: 	: 	: 	: 	: 	: 	: 	: 	: 	: 	: 	: 	: 	: 	: 	: 	: 	: 	: 	: 	: 	: 	: 	: 
A3110,M12,THS_HD,ME	: 	5.90 p	7.50 p	11.00 p	6.00 	5.00 	5.00 	4.02 	: 	: 	: 	: 	: 	: 	: 	: 	: 	: 	: 	: 	: 	: 	: 	: 	: 	: 	: 	: 	: 	: 	: 	: 	: 	: 	: 	: 	: 	: 	: 	: 	: 	: 	: 	: 	: 	: 	: 	: 	: 	: 	: 
A3110,M12,THS_HD,MK	: 	54.00 	61.00 	69.00 	58.00 	49.00 	52.00 	66.00 	: 	: 	: 	: 	: 	: 	: 	: 	: 	: 	: 	: 	: 	: 	: 	: 	: 	: 	: 	: 	: 	: 	: 	: 	: 	: 	: 	: 	: 	: 	: 	: 	: 	: 	: 	: 	: 	: 	: 	: 	: 	: 	: 
A3110,M12,THS_HD,MT	: 	8.59 	8.30 	10.00 	10.05 	11.02 	13.18 	11.76 	12.32 	18.03 	16.17 	17.59 	17.51 	18.34 	19.49 	19.88 	18.35 	18.90 	22.66 	: 	: 	7.22 	9.70 	8.61 	7.05 	5.79 	9.94 	9.34 	6.47 	6.79 	6.08 	7.06 	7.44 	: 	: 	: 	: 	: 	: 	: 	: 	: 	: 	: 	: 	: 	: 	: 	: 	: 	: 
A3110,M12,THS_HD,NL	: 	5307.00 	5522.00 	4986.00 	5408.00 	5116.00 	4920.00 	4993.00 	4797.00 	4649.00 	4809.00 	4555.00 	4680.00 	4470.00 	4170.00 	4300.00 	3896.03 	4225.00 	4422.00 	4935.00 	4791.00 	5158.00 	4017.00 	5223.00 	5063.00 	4951.00 	5131.00 	4983.00 	4807.00 	4743.00 	4709.00 	4720.00 	4913.00 	4682.00 	4339.00 	3918.00 	3584.00 	3452.00 	3432.00 	2670.00 	2602.00 	2513.00 	2144.00 	1863.00 	1752.00 	1835.00 	1798.00 	1655.00 	1650.00 	1817.00 	1466.00 
A3110,M12,THS_HD,PL	: 	2278.90 	2723.20 	2789.80 	2575.50 	2833.99 	2892.31 	2950.75 	3556.91 	4284.95 	4299.68 	4295.43 	5540.61 	5847.44 	6254.67 	5745.21 	5899.32 	6198.80 	5642.65 	5412.50 	5833.20 	6305.60 	: 	: 	: 	: 	: 	: 	: 	: 	: 	: 	: 	: 	: 	: 	: 	: 	: 	: 	: 	: 	: 	: 	: 	: 	: 	: 	: 	: 	: 
A3110,M12,THS_HD,PT	: 	763.00 	743.42 	709.09 	764.33 	713.84 	658.22 	668.20 	645.41 	588.25 	605.08 	594.56 	603.57 	579.58 	590.05 	578.38 	553.83 	578.47 	581.71 	614.59 	682.23 	695.00 	697.00 	694.00 	712.00 	704.00 	761.00 	741.00 	749.00 	777.00 	741.00 	662.00 	665.00 	: 	: 	: 	: 	: 	: 	: 	: 	: 	: 	: 	: 	: 	: 	: 	: 	: 	: 
A3110,M12,THS_HD,RO	: 	698.40 	836.70 	785.70 	796.50 	805.30 	811.30 	799.00 	774.20 	704.30 	767.20 	816.20 	903.10 	916.81 	851.60 	908.50 	: 	: 	: 	: 	: 	: 	: 	: 	: 	: 	: 	: 	: 	: 	: 	: 	: 	: 	: 	: 	: 	: 	: 	: 	: 	: 	: 	: 	: 	: 	: 	: 	: 	: 	: 
A3110,M12,THS_HD,RS	: 	917.00 	945.00 	927.00 	1068.00 	953.00 	1033.00 	999.00 e	1149.00 	1207.00 	1255.00 	1287.00 	1431.00 	1453.00 	: 	: 	: 	: 	: 	: 	: 	: 	: 	: 	: 	: 	: 	: 	: 	: 	: 	: 	: 	: 	: 	: 	: 	: 	: 	: 	: 	: 	: 	: 	: 	: 	: 	: 	: 	: 	: 
A3110,M12,THS_HD,SE	: 	355.30 	379.10 	406.60 	412.40 	403.50 	431.50 	397.90 	460.70 	458.70 	457.60 	499.50 	476.20 	494.63 	534.90 	567.14 	593.00 	599.00 	575.86 	564.30 	597.60 	692.90 	717.00 	759.00 	760.00 	630.00 	: 	: 	: 	: 	: 	: 	: 	: 	: 	: 	: 	: 	: 	: 	: 	: 	: 	: 	: 	: 	: 	: 	: 	: 	: 
A3110,M12,THS_HD,SI	: 	58.01 	58.66 	57.53 	59.50 	63.64 	67.49 	65.98 	81.59 	99.04 	108.62 	121.69 	153.99 	161.60 	159.38 	158.02 	182.15 	179.05 	181.20 	178.32 	155.03 	166.00 	150.00 	151.00 	178.00 	162.00 	161.00 	166.00 	136.00 	134.00 	129.00 	125.00 	137.00 	: 	: 	: 	: 	: 	: 	: 	: 	: 	: 	: 	: 	: 	: 	: 	: 	: 	: 
A3110,M12,THS_HD,SK	: 	169.87 	186.45 	170.63 	147.17 e	138.12 	194.00 	152.55 	158.15 	164.30 	180.92 	189.82 	236.39 	297.09 	312.97 	320.27 	409.12 	445.01 	410.82 	388.69 	404.69 	451.00 	437.00 	438.00 	442.00 	: 	483.00 	538.00 	564.00 	624.00 	698.00 	717.00 	708.00 	: 	: 	: 	: 	: 	: 	: 	: 	: 	: 	: 	: 	: 	: 	: 	: 	: 	: 
A3110,M12,THS_HD,UK	: 	1216.00 	1244.00 	1184.00 	1144.00 	1177.00 	1125.00 	1075.00 	1108.00 	1119.00 	1124.00 	1126.00 	1216.00 	1167.00 	1244.28 	1257.02 	1282.42 	1382.85 	1483.71 	1569.24 	1949.84 	1976.15 	2135.78 	1988.41 	1870.87 	2013.71 	2032.15 	2060.08 	2013.44 	2020.21 	2049.82 	2112.65 	2209.47 	2191.63 	2181.52 	2131.29 	2118.26 	2242.30 	2116.87 	2047.00 	2021.07 	2050.12 	1978.00 	2027.00 	1916.00 	1921.00 	2306.00 	: 	: 	: 	: 
A3110,M12,THS_HD,XK	: 	10.84 	13.55 	15.24 	16.50 	: 	: 	: 	: 	: 	: 	: 	: 	: 	: 	: 	: 	: 	: 	: 	: 	: 	: 	: 	: 	: 	: 	: 	: 	: 	: 	: 	: 	: 	: 	: 	: 	: 	: 	: 	: 	: 	: 	: 	: 	: 	: 	: 	: 	: 	: 
A3120,M04,THS_HD,AT	: 	: 	: 	: 	: 	: 	: 	: 	: 	: 	: 	: 	: 	: 	: 	: 	: 	: 	: 	: 	356.7 	387.2 	381.1 	381.9 	388.5 	373.0 	: 	: 	: 	: 	: 	: 	: 	: 	: 	: 	: 	: 	: 	: 	: 	: 	: 	: 	: 	: 	: 	: 	: 	: 	: 
A3120,M04,THS_HD,BE	: 	: 	: 	: 	: 	: 	: 	: 	: 	: 	: 	: 	: 	: 	: 	: 	: 	648.9 	675.1 	712.6 	738.0 	762.5 	747.7 	741.0 	734.0 	745.3 	768.9 	728.7 	745.5 	768.2 	709.0 	740.0 	704.0 	655.9 	656.1 	626.0 	644.2 	626.0 	633.2 	638.1 	645.6 	645.0 	647.0 	628.0 	611.0 	662.0 	616.0 	0.0 	0.0 	0.0 	0.0 
A3120,M04,THS_HD,CZ	: 	: 	: 	: 	: 	: 	: 	: 	: 	: 	: 	252.7 	321.3 	322.0 	329.0 	348.0 	394.0 	: 	: 	: 	: 	: 	: 	: 	: 	: 	: 	: 	: 	: 	: 	: 	: 	: 	: 	: 	: 	: 	: 	: 	: 	: 	: 	: 	: 	: 	: 	: 	: 	: 	: 
A3120,M04,THS_HD,DE	: 	: 	: 	: 	: 	: 	: 	: 	: 	: 	: 	: 	: 	: 	: 	: 	: 	: 	: 	: 	: 	2656.1 	2562.7 	2526.8 	2633.4 	2760.6 	2990.5 	2943.2 	2985.1 	1095.9 	: 	: 	: 	: 	: 	: 	: 	: 	: 	: 	: 	: 	: 	: 	: 	: 	: 	: 	: 	: 	: 
A3120,M04,THS_HD,DK	: 	: 	: 	: 	: 	: 	: 	: 	: 	: 	: 	1296.0 p	1437.0 	1328.0 	1390.0 	1403.0 	1374.0 	1376.0 	1340.0 	1216.0 	1257.0 	1234.0 	1180.0 	1136.0 	1143.0 	1111.0 	1131.0 	1135.0 	1046.0 	1041.0 	1024.0 	1026.0 	1049.0 	1075.0 	1051.0 	987.0 	1058.0 	1084.0 	1102.0 	1184.0 	1178.0 	1123.0 	1045.0 	1043.0 	1007.0 	1034.0 	0.0 	: 	: 	: 	: 
A3120,M04,THS_HD,EL	: 	: 	: 	: 	: 	: 	: 	: 	: 	: 	: 	: 	: 	: 	: 	: 	: 	: 	: 	: 	: 	: 	: 	: 	147.6 	153.2 	153.0 	140.0 	138.6 	157.4 	169.3 	155.0 	152.7 	148.1 	161.3 	154.1 	183.0 	176.2 	202.7 	: 	: 	: 	: 	: 	: 	: 	: 	: 	: 	: 	: 
A3120,M04,THS_HD,ES	: 	: 	: 	: 	: 	: 	: 	: 	: 	: 	: 	2529.6 	2770.3 	2601.7 	2608.5 	2590.3 	2521.5 	2594.0 	2484.0 	2416.2 	2442.0 	2369.0 	2128.0 	2046.0 	2215.0 	2140.0 	2171.8 	2007.0 	1899.2 	1929.1 	1848.7 	2006.9 	1981.0 	1270.6 	1568.7 	1680.0 	: 	: 	: 	: 	: 	: 	: 	: 	: 	: 	: 	: 	: 	: 	: 
A3120,M04,THS_HD,FI	: 	: 	: 	: 	: 	: 	: 	: 	: 	: 	: 	: 	: 	: 	: 	: 	: 	: 	: 	: 	187.0 	194.6 	185.1 	185.8 	158.5 	158.6 	: 	: 	: 	: 	: 	: 	: 	: 	: 	: 	: 	: 	: 	: 	: 	: 	: 	: 	: 	: 	: 	: 	: 	: 	: 
A3120,M04,THS_HD,FR	: 	: 	: 	: 	: 	: 	: 	: 	: 	: 	: 	: 	: 	: 	: 	: 	: 	: 	: 	: 	: 	1578.1 	1528.0 	1504.3 	1453.9 	1375.2 	1309.5 	1237.8 	1175.0 	1155.0 	1104.0 	1093.4 	1207.0 	1128.5 	1142.0 	1108.0 	1194.0 	1178.0 	1155.0 	1212.0 	1172.0 	1242.0 	1259.0 	1302.0 	1393.0 	1338.0 	1297.0 	1420.0 	1359.0 	1320.0 	1213.0 
A3120,M04,THS_HD,HU	: 	: 	: 	: 	: 	: 	: 	: 	: 	: 	: 	340.0 	391.0 	387.0 	397.0 	415.0 	491.0 	496.0 	455.0 	484.0 	453.0 	415.0 	461.0 	505.0 	443.0 	422.0 	502.0 	549.0 	652.0 	767.0 	660.0 	672.0 	711.0 	: 	: 	: 	: 	: 	: 	: 	: 	: 	: 	: 	: 	: 	: 	: 	: 	: 	: 
A3120,M04,THS_HD,IE	: 	: 	: 	: 	: 	: 	: 	: 	: 	: 	: 	: 	: 	: 	: 	: 	: 	: 	: 	: 	: 	: 	183.1 	178.9 	169.6 	171.6 	175.1 	164.9 	152.1 	139.2 	119.4 	111.8 	108.2 	112.7 	114.6 	114.6 	120.2 	118.2 	114.5 	113.9 	122.4 	122.4 	107.6 	115.9 	98.7 	104.5 	0.0 	: 	: 	: 	: 
A3120,M04,THS_HD,IT	: 	: 	: 	: 	: 	: 	: 	: 	: 	: 	: 	: 	: 	: 	: 	: 	: 	: 	: 	: 	: 	681.0 	650.0 	662.0 	660.0 	666.6 	687.1 	697.2 	711.5 	751.2 	745.2 	773.5 	770.7 	766.0 	850.0 	856.0 	855.5 	851.1 	860.0 	844.0 	845.3 	865.0 	973.0 	871.0 	789.0 	850.0 	802.0 	719.0 	699.0 	757.0 	722.0 
A3120,M04,THS_HD,LU	: 	: 	: 	: 	: 	: 	: 	: 	: 	: 	: 	: 	: 	: 	: 	: 	: 	: 	: 	: 	: 	: 	: 	: 	8.9 	9.1 	9.2 	9.3 	9.2 	9.8 	11.0 	11.6 	11.0 	11.3 	11.4 	11.5 	12.2 	11.8 	12.6 	13.9 	14.0 	16.0 	15.0 	15.0 	14.0 	15.0 	14.0 	14.0 	15.0 	16.0 	14.0 
A3120,M04,THS_HD,MT	: 	: 	: 	: 	: 	: 	: 	: 	: 	: 	: 	: 	: 	: 	: 	: 	: 	: 	: 	7.7 	8.1 	: 	: 	: 	: 	: 	: 	: 	: 	: 	: 	: 	: 	: 	: 	: 	: 	: 	: 	: 	: 	: 	: 	: 	: 	: 	: 	: 	: 	: 	: 
A3120,M04,THS_HD,NL	: 	: 	: 	: 	: 	: 	: 	: 	: 	: 	: 	1101.0 	1145.0 	1080.0 	1116.8 	1126.4 	1126.0 	1179.0 	1259.0 	1336.0 	1372.0 	1573.0 	1556.0 	1416.0 	1465.9 	1467.0 	1442.0 	1491.0 	1463.0 	1444.0 	1497.0 	1519.0 	1597.0 	1472.0 	1343.0 	1276.0 	1225.0 	1162.0 	1214.0 	1225.0 	1185.0 	1133.0 	1007.0 	927.0 	884.0 	881.0 	844.0 	793.0 	798.0 	792.0 	615.0 
A3120,M04,THS_HD,PL	: 	: 	: 	: 	: 	: 	: 	: 	: 	: 	: 	1423.3 p	1770.4 	1865.7 	1761.9 	1657.0 	1857.2 	1872.4 	1673.7 	1654.4 	1847.2 	1906.0 	1729.6 	1825.7 	1917.7 	1730.5 	1692.6 	2046.8 	2107.3 	1764.4 	1793.2 	2006.5 	1937.6 	: 	: 	: 	: 	: 	: 	: 	: 	: 	: 	: 	: 	: 	: 	: 	: 	: 	: 
A3120,M04,THS_HD,PT	: 	: 	: 	: 	: 	: 	: 	: 	: 	: 	: 	: 	: 	: 	: 	: 	: 	: 	: 	: 	: 	: 	: 	: 	331.0 	331.0 	358.0 	360.0 	332.0 	339.0 	327.0 	333.0 	331.0 	: 	: 	: 	: 	: 	: 	: 	: 	: 	: 	: 	: 	: 	: 	: 	: 	: 	: 
A3120,M04,THS_HD,RO	: 	: 	: 	: 	: 	: 	: 	: 	: 	: 	: 	377.0 p	445.2 	550.6 	374.5 	476.0 	: 	: 	: 	: 	: 	: 	: 	: 	: 	: 	: 	: 	: 	: 	: 	: 	: 	: 	: 	: 	: 	: 	: 	: 	: 	: 	: 	: 	: 	: 	: 	: 	: 	: 	: 
A3120,M04,THS_HD,SE	: 	: 	: 	: 	: 	: 	: 	: 	: 	: 	: 	: 	: 	: 	: 	: 	: 	: 	: 	: 	: 	: 	: 	: 	268.0 	272.0 	: 	: 	: 	: 	: 	: 	: 	: 	: 	: 	: 	: 	: 	: 	: 	: 	: 	: 	: 	: 	: 	: 	: 	: 	: 
A3120,M04,THS_HD,SI	: 	: 	: 	: 	: 	: 	: 	: 	: 	: 	: 	: 	: 	: 	: 	: 	: 	: 	: 	: 	66.9 	64.0 	63.0 	: 	: 	: 	: 	: 	: 	: 	: 	: 	: 	: 	: 	: 	: 	: 	: 	: 	: 	: 	: 	: 	: 	: 	: 	: 	: 	: 	: 
A3120,M04,THS_HD,SK	: 	: 	: 	: 	: 	: 	: 	: 	: 	: 	: 	: 	: 	: 	: 	: 	: 	: 	: 	: 	: 	211.0 	: 	: 	: 	: 	: 	: 	: 	: 	: 	: 	: 	: 	: 	: 	: 	: 	: 	: 	: 	: 	: 	: 	: 	: 	: 	: 	: 	: 	: 
A3120,M04,THS_HD,UK	: 	: 	: 	: 	: 	: 	: 	: 	: 	: 	: 	: 	: 	: 	: 	: 	: 	: 	: 	: 	766.9 	904.7 	898.3 	852.4 	873.8 	896.5 	917.1 	890.8 	875.5 	885.8 	841.6 	913.4 	952.0 	954.6 	926.3 	863.2 	979.0 	959.0 	925.8 	896.3 	960.0 	935.0 	916.0 	961.0 	892.0 	1005.0 	0.0 	: 	: 	: 	: 
A3120,M05_M06,THS_HD,AT	222.58 	227.84 	235.74 	231.62 	240.30 	246.47 	257.32 	267.59 	275.55 	285.71 	291.57 	302.13 	307.94 	309.82 	316.60 	313.59 	328.30 	329.24 	332.43 	330.41 	: 	: 	: 	: 	: 	: 	: 	: 	: 	: 	: 	: 	: 	: 	: 	: 	: 	: 	: 	: 	: 	: 	: 	: 	: 	: 	: 	: 	: 	: 	: 
A3120,M05_M06,THS_HD,BE	395.39 	408.25 	416.88 	432.07 	437.47 	464.29 	485.17 	493.47 	514.63 	523.80 	536.64 	540.61 	568.21 	582.91 	592.45 	591.40 	639.58 	674.51 	696.13 	720.18 	753.28 	777.87 	: 	: 	: 	: 	: 	: 	: 	: 	: 	: 	: 	: 	: 	: 	: 	: 	: 	: 	: 	: 	: 	: 	: 	: 	: 	: 	: 	: 	: 
A3120,M05_M06,THS_HD,BG	: 	: 	: 	: 	: 	: 	: 	: 	: 	: 	: 	: 	: 	98.87 	: 	105.10 	101.60 	90.50 	105.80 	: 	: 	: 	: 	: 	: 	: 	: 	: 	: 	: 	: 	: 	: 	: 	: 	: 	: 	: 	: 	: 	: 	: 	: 	: 	: 	: 	: 	: 	: 	: 	: 
A3120,M05_M06,THS_HD,DE	1805.00 	1858.90 	1906.22 	1917.04 	2024.34 e	2080.17 	2054.95 	2172.29 	2193.77 	2242.73 	2306.94 	2368.37 	2502.42 	2483.88 	2541.62 	2515.04 	2583.59 	2589.09 	2607.28 	2559.35 	2680.96 	: 	: 	: 	: 	: 	: 	: 	: 	: 	: 	: 	: 	: 	: 	: 	: 	: 	: 	: 	: 	: 	: 	: 	: 	: 	: 	: 	: 	: 	: 
A3120,M05_M06,THS_HD,DK	1227.00 	1269.00 	1228.00 	1216.00 	1248.00 	1242.00 	1228.00 	1226.00 	1264.00 	1323.00 	1345.00 	1303.00 	1415.00 	1422.00 	: 	: 	: 	: 	: 	1330.00 	: 	: 	: 	: 	: 	: 	: 	: 	: 	: 	: 	: 	: 	: 	: 	: 	: 	: 	: 	: 	: 	: 	: 	: 	: 	: 	: 	: 	: 	: 	: 
A3120,M05_M06,THS_HD,ES	2537.87 p	2497.79 	2516.00 	2374.31 	2407.59 	2353.35 	2235.08 	2357.48 	2425.26 	2520.48 	2497.71 	: 	2626.58 	: 	: 	: 	: 	: 	: 	: 	: 	: 	: 	: 	: 	: 	: 	: 	: 	: 	: 	: 	: 	: 	: 	: 	: 	: 	: 	: 	: 	: 	: 	: 	: 	: 	: 	: 	: 	: 	: 
A3120,M05_M06,THS_HD,FI	: 	: 	: 	: 	: 	: 	: 	: 	: 	: 	: 	: 	: 	: 	185.00 	183.50 	185.00 	181.20 	179.60 	185.30 	: 	: 	: 	: 	: 	: 	: 	: 	: 	: 	: 	: 	: 	: 	: 	: 	: 	: 	: 	: 	: 	: 	: 	: 	: 	: 	: 	: 	: 	: 	: 
A3120,M05_M06,THS_HD,FR	955.00 	979.00 	1001.00 	1007.00 p	1060.00 	1066.00 	1084.00 	1107.00 	1144.00 	1158.00 	1184.00 	1210.00 	1253.00 	1273.00 	1309.00 	1330.00 	1349.00 	1361.00 	1368.53 	1495.80 	1526.00 	1578.10 	: 	: 	: 	: 	: 	: 	: 	: 	: 	: 	: 	: 	: 	: 	: 	: 	: 	: 	: 	: 	: 	: 	: 	: 	: 	: 	: 	: 	: 
A3120,M05_M06,THS_HD,HU	252.00 	260.00 	253.00 	269.00 	291.00 	291.00 	286.00 	288.00 	303.00 	319.00 	317.00 	: 	: 	: 	: 	: 	: 	: 	: 	: 	: 	: 	: 	: 	: 	: 	: 	: 	: 	: 	: 	: 	: 	: 	: 	: 	: 	: 	: 	: 	: 	: 	: 	: 	: 	: 	: 	: 	: 	: 	: 
A3120,M05_M06,THS_HD,IE	142.25 	147.41 	143.37 	148.51 	147.84 	150.30 	146.51 	144.60 	154.88 	159.74 	147.38 	155.65 	163.65 	167.46 	170.81 	167.39 	172.60 	181.61 	183.44 	176.85 	188.37 	194.91 	: 	: 	: 	: 	: 	: 	: 	: 	: 	: 	: 	: 	: 	: 	: 	: 	: 	: 	: 	: 	: 	: 	: 	: 	: 	: 	: 	: 	: 
A3120,M05_M06,THS_HD,IS	: 	: 	: 	2.92 	: 	: 	: 	: 	: 	: 	: 	: 	: 	: 	: 	: 	: 	: 	: 	: 	: 	: 	: 	: 	: 	: 	: 	: 	: 	: 	: 	: 	: 	: 	: 	: 	: 	: 	: 	: 	: 	: 	: 	: 	: 	: 	: 	: 	: 	: 	: 
A3120,M05_M06,THS_HD,IT	578.68 	587.87 	579.49 	571.59 	583.63 	578.43 	588.68 	585.33 	673.22 	728.11 	742.45 	746.94 	762.42 	753.16 	738.63 	723.00 	736.00 	704.00 	717.00 	708.00 	697.00 	691.00 	: 	: 	: 	: 	: 	: 	: 	: 	: 	: 	: 	: 	: 	: 	: 	: 	: 	: 	: 	: 	: 	: 	: 	: 	: 	: 	: 	: 	: 
A3120,M05_M06,THS_HD,LT	: 	: 	: 	: 	: 	: 	: 	: 	: 	: 	: 	: 	: 	: 	: 	: 	90.30 	: 	: 	: 	95.10 	: 	: 	: 	: 	: 	: 	: 	: 	: 	: 	: 	: 	: 	: 	: 	: 	: 	: 	: 	: 	: 	: 	: 	: 	: 	: 	: 	: 	: 	: 
A3120,M05_M06,THS_HD,LU	: 	: 	: 	: 	: 	: 	: 	: 	: 	: 	: 	: 	7.47 	7.65 	8.11 	8.11 	7.91 	8.62 	9.25 	8.81 	9.70 	7.11 	: 	: 	: 	: 	: 	: 	: 	: 	: 	: 	: 	: 	: 	: 	: 	: 	: 	: 	: 	: 	: 	: 	: 	: 	: 	: 	: 	: 	: 
A3120,M05_M06,THS_HD,LV	: 	: 	: 	: 	: 	: 	: 	: 	: 	: 	: 	: 	: 	: 	: 	: 	: 	49.20 	: 	37.00 	41.00 	: 	: 	: 	: 	: 	: 	: 	: 	: 	: 	: 	: 	: 	: 	: 	: 	: 	: 	: 	: 	: 	: 	: 	: 	: 	: 	: 	: 	: 	: 
A3120,M05_M06,THS_HD,NL	1011.22 	1051.09 	1064.04 	1052.83 	1102.93 	1092.00 	1076.00 	1066.00 	1105.00 	1090.00 	1120.00 	: 	: 	: 	: 	: 	: 	: 	: 	: 	: 	: 	: 	: 	: 	: 	: 	: 	: 	: 	: 	: 	: 	: 	: 	: 	: 	: 	: 	: 	: 	: 	: 	: 	: 	: 	: 	: 	: 	: 	: 
A3120,M05_M06,THS_HD,PL	755.00 	871.00 	885.00 	854.00 	946.98 	1008.77 	1020.38 	1097.36 	1214.36 	1393.20 	1369.60 	: 	: 	: 	: 	: 	: 	1918.39 	: 	: 	: 	: 	: 	: 	: 	: 	: 	: 	: 	: 	: 	: 	: 	: 	: 	: 	: 	: 	: 	: 	: 	: 	: 	: 	: 	: 	: 	: 	: 	: 	: 
A3120,M05_M06,THS_HD,RO	251.00 	280.00 	326.30 	339.00 	348.60 	343.60 	354.50 	360.30 	350.40 	360.30 	366.90 	377.00 	: 	: 	: 	: 	352.90 	368.20 	: 	: 	: 	: 	: 	: 	: 	: 	: 	: 	: 	: 	: 	: 	: 	: 	: 	: 	: 	: 	: 	: 	: 	: 	: 	: 	: 	: 	: 	: 	: 	: 	: 
A3120,M05_M06,THS_HD,RS	410.00 	413.00 	427.00 	444.00 	465.00 	519.00 	: 	: 	: 	: 	: 	: 	: 	: 	: 	: 	: 	: 	: 	: 	: 	: 	: 	: 	: 	: 	: 	: 	: 	: 	: 	: 	: 	: 	: 	: 	: 	: 	: 	: 	: 	: 	: 	: 	: 	: 	: 	: 	: 	: 	: 
A3120,M05_M06,THS_HD,SE	128.11 	130.30 	139.63 	138.98 	145.69 	143.36 	147.59 	140.06 	150.96 	166.77 	157.85 	167.39 	184.32 	184.32 	187.18 	192.00 	204.77 	208.00 	211.80 	201.90 	220.20 	255.40 	: 	: 	: 	: 	: 	: 	: 	: 	: 	: 	: 	: 	: 	: 	: 	: 	: 	: 	: 	: 	: 	: 	: 	: 	: 	: 	: 	: 	: 
A3120,M05_M06,THS_HD,SI	: 	: 	: 	: 	: 	: 	: 	: 	: 	: 	: 	: 	: 	: 	: 	: 	66.89 	66.47 	66.64 	65.42 	: 	: 	: 	: 	: 	: 	: 	: 	: 	: 	: 	: 	: 	: 	: 	: 	: 	: 	: 	: 	: 	: 	: 	: 	: 	: 	: 	: 	: 	: 	: 
A3120,M05_M06,THS_HD,UK	492.00 p	491.00 	498.00 	494.00 	492.00 	486.00 	507.00 	507.00 	507.00 	501.00 	490.00 	477.00 	519.00 	536.71 	534.46 	579.34 	576.21 	625.74 	656.30 	687.71 	781.46 	879.85 	914.37 	: 	: 	: 	: 	: 	: 	: 	: 	: 	: 	: 	: 	: 	: 	: 	: 	: 	: 	: 	: 	: 	: 	: 	: 	: 	: 	: 	: 
A3120,M08,THS_HD,BE	: 	: 	: 	: 	: 	: 	: 	: 	: 	: 	: 	: 	: 	: 	: 	: 	: 	649.3 	669.2 	691.9 	738.9 	742.3 	743.9 	755.2 	712.6 	719.6 	769.0 	790.9 	719.1 	754.0 	727.0 	732.0 	695.0 	682.7 	658.0 	640.7 	652.6 	627.7 	644.9 	645.3 	664.3 	654.8 	645.0 	662.0 	615.7 	695.0 	637.0 	0.0 	0.0 	0.0 	0.0 
A3120,M08,THS_HD,CZ	: 	: 	: 	: 	: 	: 	: 	: 	: 	: 	: 	: 	301.0 	315.0 	341.0 	340.0 	385.0 	: 	: 	: 	: 	: 	: 	: 	: 	: 	: 	: 	: 	: 	: 	: 	: 	: 	: 	: 	: 	: 	: 	: 	: 	: 	: 	: 	: 	: 	: 	: 	: 	: 	: 
A3120,M08,THS_HD,DE	: 	: 	: 	: 	: 	: 	: 	: 	: 	: 	: 	: 	: 	: 	: 	: 	: 	: 	: 	: 	: 	2660.0 	2613.6 	2551.2 	2572.5 	2688.8 	2921.8 	2967.7 	2938.3 	: 	: 	: 	: 	: 	: 	: 	: 	: 	: 	: 	: 	: 	: 	: 	: 	: 	: 	: 	: 	: 	: 
A3120,M08,THS_HD,DK	: 	: 	: 	: 	: 	: 	: 	: 	: 	: 	: 	1303.0 	1415.0 	1411.0 	1359.0 	1401.0 	1392.0 	1349.0 	1370.0 	1330.0 	1320.0 	1278.0 	1235.0 	1164.0 	1142.0 	1153.0 	1182.0 	1134.0 	1068.0 	1029.0 	1024.0 	1035.0 	1066.0 	1077.0 	1075.0 	1018.0 	1041.0 	1068.0 	1037.0 	1206.0 	1197.0 	1099.0 	1052.0 	1021.0 	1006.0 	1055.0 	1040.0 	: 	: 	: 	: 
A3120,M08,THS_HD,EL	: 	: 	: 	: 	: 	: 	: 	: 	: 	: 	: 	: 	: 	: 	: 	: 	: 	: 	: 	: 	: 	: 	155.2 	151.6 	151.9 	158.0 	148.0 	150.0 	140.0 	156.0 	153.0 	165.5 	160.0 	152.1 	160.6 	159.2 	161.4 	186.0 	: 	: 	: 	: 	: 	: 	: 	: 	: 	: 	: 	: 	: 
A3120,M08,THS_HD,ES	: 	: 	: 	: 	: 	: 	: 	: 	: 	: 	: 	2420.8 	2626.6 	2646.8 	2613.0 	2597.6 	2550.2 	2566.4 	2606.0 	2415.4 	2492.0 	2485.0 	2195.0 	2043.8 	2136.3 	2181.8 	2182.3 	2020.7 	1951.4 	1917.6 	1863.3 	1939.0 	2027.2 	1775.5 	1587.4 	1679.9 	: 	: 	: 	: 	: 	: 	: 	: 	: 	: 	: 	: 	: 	: 	: 
A3120,M08,THS_HD,FI	: 	: 	: 	: 	: 	: 	: 	: 	: 	: 	: 	: 	: 	: 	: 	: 	: 	: 	: 	: 	192.5 	198.2 	189.1 	182.6 	163.2 	158.6 	0.0 	0.0 	: 	: 	: 	: 	: 	: 	: 	: 	: 	: 	: 	: 	: 	: 	: 	: 	: 	: 	: 	: 	: 	: 	: 
A3120,M08,THS_HD,FR	: 	: 	: 	: 	: 	: 	: 	: 	: 	: 	: 	: 	: 	: 	: 	: 	: 	: 	: 	: 	: 	1482.6 	1448.7 	1423.7 	1404.3 	1398.5 	1310.6 	1312.4 	1234.0 	1168.0 	1095.0 	1074.0 	1211.0 	1130.0 	1128.0 	1123.0 	1170.0 	1167.0 	1133.0 	1213.0 	1205.0 	1243.0 	1295.0 	1325.0 	1408.0 	1433.0 	1385.0 	1388.0 	1366.0 	1298.0 	1260.0 
A3120,M08,THS_HD,HU	: 	: 	: 	: 	: 	: 	: 	: 	: 	: 	: 	334.0 	379.0 	395.0 	400.0 	406.0 	469.0 	512.0 	458.0 	480.0 	465.0 	446.0 	471.0 	554.0 	: 	: 	: 	: 	: 	: 	: 	: 	: 	: 	: 	: 	: 	: 	: 	: 	: 	: 	: 	: 	: 	: 	: 	: 	: 	: 	: 
A3120,M08,THS_HD,IE	: 	: 	: 	: 	: 	: 	: 	: 	: 	: 	: 	: 	: 	: 	: 	: 	: 	: 	: 	: 	: 	: 	190.3 	177.6 	169.0 	167.9 	171.8 	169.5 	157.0 	143.9 	124.5 	113.4 	108.1 	114.3 	113.7 	111.7 	118.8 	119.9 	115.9 	115.2 	118.1 	128.0 	108.1 	113.6 	108.0 	92.1 	0.0 	: 	: 	: 	: 
A3120,M08,THS_HD,IT	: 	: 	: 	: 	: 	: 	: 	: 	: 	: 	: 	: 	: 	: 	: 	: 	: 	: 	: 	: 	: 	690.0 	700.0 	686.0 	683.0 	677.7 	673.6 	676.5 	676.4 	724.1 	756.2 	771.2 	772.0 	765.8 	762.5 	754.2 	852.5 	848.5 	841.5 	837.0 	841.1 	849.0 	976.0 	890.0 	797.0 	897.0 	866.0 	803.0 	700.0 	790.0 	745.0 
A3120,M08,THS_HD,LU	: 	: 	: 	: 	: 	: 	: 	: 	: 	: 	: 	: 	: 	: 	: 	: 	: 	: 	: 	: 	: 	: 	7.3 	7.2 	9.2 	9.2 	9.4 	9.5 	9.6 	9.6 	10.3 	11.0 	10.7 	11.5 	11.5 	11.7 	12.2 	12.2 	12.2 	13.8 	13.4 	15.0 	15.0 	14.0 	14.0 	15.0 	15.0 	14.0 	14.0 	17.0 	16.0 
A3120,M08,THS_HD,NL	: 	: 	: 	: 	: 	: 	: 	: 	: 	: 	: 	1050.0 	1095.0 	1130.0 	1105.0 	1090.0 	1095.0 	1139.0 	1173.0 	1280.0 	1454.0 	1408.0 	1360.0 	1424.0 	1438.9 	1468.0 	1402.0 	1521.0 	1486.0 	1507.0 	1504.0 	1502.0 	1583.0 	1487.0 	1380.0 	1270.0 	1268.0 	1234.0 	1195.0 	1238.0 	1202.0 	1146.0 	1007.0 	940.0 	887.0 	886.0 	838.0 	801.0 	784.0 	846.0 	658.0 
A3120,M08,THS_HD,PL	: 	: 	: 	: 	: 	: 	: 	: 	: 	: 	: 	1366.8 	1767.4 	1856.4 	1813.2 	1659.1 p	1781.8 	1910.3 	1625.5 	1577.4 	1771.3 	1929.0 	1756.4 	1677.4 	1875.2 	1971.2 	1557.8 	2141.8 	2096.2 	1836.7 	1803.8 	2040.6 	1951.9 	: 	: 	: 	: 	: 	: 	: 	: 	: 	: 	: 	: 	: 	: 	: 	: 	: 	: 
A3120,M08,THS_HD,PT	: 	: 	: 	: 	: 	: 	: 	: 	: 	: 	: 	: 	: 	: 	: 	: 	: 	: 	: 	: 	: 	: 	334.9 	327.3 	327.5 	363.3 	359.0 	350.0 	345.0 	341.0 	326.0 	323.0 	335.0 	: 	: 	: 	: 	: 	: 	: 	: 	: 	: 	: 	: 	: 	: 	: 	: 	: 	: 
A3120,M08,THS_HD,RO	: 	: 	: 	: 	: 	: 	: 	: 	: 	: 	: 	368.4 	448.6 p	448.3 	385.2 	: 	352.9 	368.2 	: 	: 	: 	: 	: 	: 	: 	: 	: 	: 	: 	: 	: 	: 	: 	: 	: 	: 	: 	: 	: 	: 	: 	: 	: 	: 	: 	: 	: 	: 	: 	: 	: 
A3120,M08,THS_HD,SE	: 	: 	: 	: 	: 	: 	: 	: 	: 	: 	: 	: 	: 	: 	: 	: 	: 	: 	: 	: 	: 	: 	269.0 	274.0 	269.0 	272.0 	266.0 	266.0 	: 	: 	: 	: 	: 	: 	: 	: 	: 	: 	: 	: 	: 	: 	: 	: 	: 	: 	: 	: 	: 	: 	: 
A3120,M08,THS_HD,SI	: 	: 	: 	: 	: 	: 	: 	: 	: 	: 	: 	: 	: 	: 	: 	: 	: 	: 	: 	: 	62.2 	61.0 	62.0 	: 	: 	: 	: 	: 	: 	: 	: 	: 	: 	: 	: 	: 	: 	: 	: 	: 	: 	: 	: 	: 	: 	: 	: 	: 	: 	: 	: 
A3120,M08,THS_HD,SK	: 	: 	: 	: 	: 	: 	: 	: 	: 	: 	: 	: 	: 	: 	: 	: 	: 	: 	: 	: 	: 	214.0 	: 	: 	: 	: 	: 	: 	: 	: 	: 	: 	: 	: 	: 	: 	: 	: 	: 	: 	: 	: 	: 	: 	: 	: 	: 	: 	: 	: 	: 
A3120,M08,THS_HD,UK	: 	: 	: 	: 	: 	: 	: 	: 	: 	: 	: 	: 	: 	: 	: 	: 	: 	: 	: 	: 	: 	856.5 	918.9 	863.3 	849.7 	884.2 	934.1 	916.1 	867.1 	885.1 	840.8 	879.5 	909.4 	934.9 	921.2 	897.8 	928.9 	970.3 	934.0 	917.7 	914.3 	946.2 	871.0 	990.0 	920.0 	956.0 	0.0 	: 	: 	: 	: 
A3120,M12,THS_HD,AL	: 	12.12 	11.77 	12.67 p	16.62 e	16.12 e	: 	: 	: 	: 	: 	: 	: 	: 	: 	: 	: 	: 	: 	: 	: 	: 	: 	: 	: 	: 	: 	: 	: 	: 	: 	: 	: 	: 	: 	: 	: 	: 	: 	: 	: 	: 	: 	: 	: 	: 	: 	: 	: 	: 	: 
A3120,M12,THS_HD,AT	: 	228.71 	239.21 	236.36 	244.97 	242.27 	249.85 	257.90 	270.05 	278.87 	287.63 	290.89 	310.98 	313.42 	308.01 	308.76 	325.81 	331.73 	339.39 	324.18 	332.89 	374.17 	385.27 	385.44 	387.95 	380.97 	: 	: 	: 	: 	: 	: 	: 	: 	: 	: 	: 	: 	: 	: 	: 	: 	: 	: 	: 	: 	: 	: 	: 	: 	: 
A3120,M12,THS_HD,BA	: 	93.00 e	96.00 e	93.00 e	97.00 e	94.00 e	97.00 e	93.00 e	103.00 e	107.00 e	: 	: 	: 	: 	: 	: 	: 	: 	: 	: 	: 	: 	: 	: 	: 	: 	: 	: 	: 	: 	: 	: 	: 	: 	: 	: 	: 	: 	: 	: 	: 	: 	: 	: 	: 	: 	: 	: 	: 	: 	: 
A3120,M12,THS_HD,BE	: 	403.35 	413.25 	419.56 	443.49 	460.03 	472.29 	490.82 	482.44 	507.02 	531.08 	543.24 	566.76 	577.97 	583.80 	607.69 	617.73 	668.07 	673.10 	715.07 	719.74 	754.52 	754.20 	732.79 	735.18 	731.72 	741.79 	761.80 	730.06 	731.42 	716.65 	693.36 	682.00 	679.79 	644.21 	634.35 	626.00 	632.68 	618.92 	628.80 	626.30 	635.50 	626.95 	610.00 	600.00 	596.00 	613.00 	571.00 	519.00 	528.00 	495.00 
A3120,M12,THS_HD,BG	: 	69.99 	62.16 	64.51 	58.15 	55.17 	55.39 	58.41 	63.97 	65.95 	71.40 	76.85 	85.42 	96.47 	95.65 	96.83 	105.30 	93.70 	104.50 	104.90 	: 	: 	: 	: 	: 	345.00 	: 	: 	: 	: 	: 	: 	394.00 	: 	: 	: 	: 	: 	: 	: 	: 	: 	: 	: 	: 	: 	: 	: 	: 	: 	: 
A3120,M12,THS_HD,CH	: 	124.45 	129.91 	134.46 	140.84 	143.05 	144.95 	148.43 	157.01 	161.43 	159.39 	159.72 	162.33 	175.43 	172.02 	: 	: 	: 	: 	: 	: 	: 	: 	: 	: 	: 	: 	: 	: 	: 	: 	: 	: 	: 	: 	: 	: 	: 	: 	: 	: 	: 	: 	: 	: 	: 	: 	: 	: 	: 	: 
A3120,M12,THS_HD,CY	: 	33.64 	32.04 	32.75 p	35.16 	33.98 	35.07 	36.34 	40.51 	46.31 	47.04 	48.32 	50.02 	52.97 	50.61 	51.71 	55.55 	56.33 	55.73 	54.44 	48.98 	54.90 	53.32 	48.86 	48.40 	48.05 	43.62 	42.41 	37.57 	33.76 	33.00 	34.00 	32.00 	: 	: 	: 	: 	: 	: 	: 	: 	: 	: 	: 	: 	: 	: 	: 	: 	: 	: 
A3120,M12,THS_HD,CZ	: 	133.26 	136.05 	133.58 	137.59 	142.93 	151.31 	141.72 	141.88 	175.48 	193.75 	211.97 	272.75 	316.60 	338.00 	335.00 	371.00 	489.00 	414.00 	413.00 	412.00 	431.00 	442.00 	463.00 	463.00 	424.00 	411.00 	472.00 	488.00 	488.00 	494.00 	500.00 	503.00 	: 	: 	: 	: 	: 	: 	: 	: 	: 	: 	: 	: 	: 	: 	: 	: 	: 	: 
A3120,M12,THS_HD,DE	: 	1837.00 	1905.36 	1908.36 	1973.24 	2052.26 	2057.69 	2117.75 	2193.58 	2232.72 	2235.64 	2296.43 	2417.81 	2467.41 	2503.63 	2466.78 	2563.91 	2535.41 	2523.09 	2525.75 	2582.00 	2655.82 	2613.51 	2547.00 	2529.40 	2613.36 	2808.49 	2989.26 	2917.33 	: 	: 	: 	: 	: 	: 	: 	: 	: 	: 	: 	: 	: 	: 	: 	: 	: 	: 	: 	: 	: 	: 
A3120,M12,THS_HD,DK	: 	1243.00 	1260.00 	1236.00 	1237.00 	1245.00 	1258.00 	1229.00 	1239.00 	1286.00 	1346.00 	1289.00 	1353.00 	1414.00 	1340.00 	1397.00 	1424.00 	1375.00 	1348.00 	1344.00 	1256.00 	1263.00 	1212.00 	1221.00 	1147.00 	1131.00 	1162.00 	1149.00 	1077.00 	1041.00 	982.00 	1009.00 	993.00 	1057.00 	1029.00 	1041.00 	1006.00 	1055.00 	1102.00 	1093.00 	1159.00 	1128.00 	1053.00 	1022.00 	998.00 	995.00 	1003.00 	: 	: 	: 	: 
A3120,M12,THS_HD,EE	: 	24.40 	26.00 	25.40 	24.60 	33.60 	33.30 	34.30 	35.60 	35.10 	34.10 	34.10 	35.30 	37.00 	34.90 	36.20 	36.60 	37.70 	40.10 	38.60 	32.20 	44.10 	45.20 	38.60 	54.90 	65.60 	72.00 	100.20 	116.50 	136.60 	141.70 	142.50 	153.30 	: 	: 	: 	: 	: 	: 	: 	: 	: 	: 	: 	: 	: 	: 	: 	: 	: 	: 
A3120,M12,THS_HD,EL	: 	91.00 	100.00 	106.00 	137.00 	149.00 	166.00 	186.00 	193.00 	151.00 	153.00 	142.00 	148.00 	133.09 	119.62 	143.00 	141.00 	151.00 	136.00 	182.00 	129.00 	123.00 	133.00 	135.00 	129.00 	156.00 	163.00 	149.00 	138.00 	160.00 	167.00 	168.19 	162.00 	158.00 	160.81 	163.40 	165.99 	180.00 	: 	: 	: 	: 	: 	: 	: 	: 	: 	: 	: 	: 	: 
A3120,M12,THS_HD,ES	: 	2500.52 p	2454.33 	2415.17 	2466.27 	2357.78 	2252.93 	2250.13 	2404.30 	2408.40 	2439.96 	2541.58 	2662.58 	2688.77 	2592.61 	2606.03 	2579.51 	2615.85 	2594.20 	2440.62 	2430.00 	2506.00 	2281.00 	2064.00 	2027.00 	2040.01 	2109.02 	2099.70 	1929.96 	1870.46 	1929.54 	1797.90 	2013.28 	1770.52 	1470.51 	1377.45 	: 	: 	: 	: 	: 	: 	: 	: 	: 	: 	: 	: 	: 	: 	: 
A3120,M12,THS_HD,EU15	: 	9939.92 	10109.54 	10010.72 	10277.52 	10353.59 	10310.31 	10451.23 	10853.76 	10985.23 	11230.19 	11314.60 	11776.81 	11994.45 	11869.05 	12046.15 	12168.29 	12364.46 	12334.22 	12432.90 	12592.51 	13021.95 	12907.32 	12565.83 	12344.92 	12426.88 	: 	: 	: 	: 	: 	: 	: 	: 	: 	: 	: 	: 	: 	: 	: 	: 	: 	: 	: 	: 	: 	: 	: 	: 	: 
A3120,M12,THS_HD,EU25	: 	11286.65 	11627.38 	11476.61 	11742.64 e	11992.24 	11947.43 	12146.85 	12687.47 	13101.05 	13411.07 	13439.85 	14344.08 	14898.35 	14807.33 	14822.04 	15116.61 	15648.18 	15348.30 	: 	: 	: 	: 	: 	: 	: 	: 	: 	: 	: 	: 	: 	: 	: 	: 	: 	: 	: 	: 	: 	: 	: 	: 	: 	: 	: 	: 	: 	: 	: 	: 
A3120,M12,THS_HD,EU27	: 	11665.44 	12039.44 	11902.32 	12175.39 e	12425.71 	12386.62 	12603.96 	13132.04 	13522.60 	13841.77 	13893.10 	14872.00 	15515.28 	15397.08 	15344.47 	15556.91 	16320.88 	15969.80 	: 	: 	: 	: 	: 	: 	: 	: 	: 	: 	: 	: 	: 	: 	: 	: 	: 	: 	: 	: 	: 	: 	: 	: 	: 	: 	: 	: 	: 	: 	: 	: 
A3120,M12,THS_HD,EU28	: 	11787.44 	12164.44 	12022.32 	12293.39 e	12541.71 	12510.62 	12725.96 	13258.54 	13682.20 	14004.97 	14050.40 	15049.11 	15707.93 	15590.53 	15566.93 	15752.90 	16505.73 	16151.50 	: 	: 	: 	: 	: 	: 	: 	: 	: 	: 	: 	: 	: 	: 	: 	: 	: 	: 	: 	: 	: 	: 	: 	: 	: 	: 	: 	: 	: 	: 	: 	: 
A3120,M12,THS_HD,FI	: 	95.20 	99.10 	108.10 	115.80 	117.80 	121.50 	130.00 	134.20 	146.40 	155.90 	167.10 	177.30 	182.50 	186.10 	186.50 	187.10 	184.90 	181.60 	181.40 	185.50 	192.30 	183.90 	181.20 	179.30 	171.20 	: 	: 	: 	: 	: 	: 	: 	: 	: 	: 	: 	: 	: 	: 	: 	: 	: 	: 	: 	: 	: 	: 	: 	: 	: 
A3120,M12,THS_HD,FR	: 	1018.00 	998.00 	986.00 p	1011.00 	1035.00 	1043.00 	1076.00 	1103.00 	1116.00 	1185.00 	1200.00 	1234.00 	1264.00 	1274.00 	1296.00 	1326.00 	1362.00 	1372.64 	1376.90 	1467.40 	1519.70 	1520.20 	1452.90 	1430.70 	1435.30 	1370.70 	1312.40 	1238.60 	1173.00 	1180.40 	1074.00 	1142.00 	1234.00 	1143.40 	1155.80 	1155.00 	1204.26 	1209.40 	1213.00 	1222.00 	1196.00 	1261.00 	1273.00 	1313.00 	1396.00 	1297.00 	1295.00 	1348.00 	1383.00 	1249.00 
A3120,M12,THS_HD,HR	: 	122.00 	125.00 	120.00 	118.00 	116.00 	124.00 	122.00 	126.50 	159.60 	163.20 	157.30 	177.11 	192.65 	193.45 	222.46 	195.99 	184.84 	181.70 	179.23 	: 	: 	: 	: 	: 	: 	: 	: 	: 	: 	: 	: 	: 	: 	: 	: 	: 	: 	: 	: 	: 	: 	: 	: 	: 	: 	: 	: 	: 	: 	: 
A3120,M12,THS_HD,HU	: 	258.00 	250.00 	255.00 	285.00 	285.00 	273.00 	279.00 	290.00 	301.00 	309.00 	314.00 	352.00 	396.00 	383.00 	391.00 	430.00 	500.00 	462.00 	459.00 	480.00 	447.00 	464.00 	489.00 	481.00 	414.00 	441.00 	511.00 	533.00 	624.00 	701.00 	746.00 	757.00 	: 	: 	: 	: 	: 	: 	: 	: 	: 	: 	: 	: 	: 	: 	: 	: 	: 	: 
A3120,M12,THS_HD,IE	: 	141.78 	148.95 	145.41 	138.86 	145.53 	144.33 	144.19 	146.43 	149.48 	158.20 	150.82 	158.67 	166.90 	174.70 	178.97 	175.55 	183.21 	187.20 	184.73 	186.24 	187.81 	192.40 	182.35 	175.58 	161.66 	168.60 	171.50 	160.00 	148.80 	132.60 	114.60 	107.80 	108.60 	112.60 	114.60 	117.90 	120.00 	117.00 	110.90 	117.10 	125.10 	113.70 	114.20 	110.00 	94.90 	126.40 	: 	: 	: 	: 
A3120,M12,THS_HD,IS	: 	3.40 	3.60 	3.70 	3.90 e	3.80 e	3.60 	3.60 	4.00 	: 	: 	: 	: 	: 	: 	: 	: 	: 	: 	: 	: 	: 	: 	: 	: 	: 	: 	: 	: 	: 	: 	: 	: 	: 	: 	: 	: 	: 	: 	: 	: 	: 	: 	: 	: 	: 	: 	: 	: 	: 	: 
A3120,M12,THS_HD,IT	: 	556.81 	561.64 	558.07 	582.45 	585.72 	590.28 	621.45 	708.77 	717.37 	745.53 	756.36 	754.00 	771.75 	722.00 	724.76 	736.00 	751.00 	697.49 	715.03 	692.00 	708.00 	692.00 	685.00 	690.00 	677.00 	702.90 	691.40 	711.50 	725.90 	759.60 	765.80 	772.40 	765.80 	762.60 	755.80 	756.10 	862.20 	864.50 	863.90 	859.20 	833.70 	893.00 	896.00 	865.00 	841.00 	834.00 	801.00 	738.00 	783.00 	822.00 
A3120,M12,THS_HD,LT	: 	45.10 	49.10 	48.80 	53.10 	56.40 	59.00 	63.50 	68.30 	82.10 	83.40 	78.10 	81.60 	97.50 	98.80 	95.70 	94.20 	95.50 	95.90 	77.30 	84.80 	102.00 	125.90 	288.90 	283.70 	278.70 	275.00 	282.40 	425.70 	434.80 	390.50 	408.10 	374.70 	: 	: 	: 	: 	: 	: 	: 	: 	: 	: 	: 	: 	: 	: 	: 	: 	: 	: 
A3120,M12,THS_HD,LU	: 	5.39 	6.57 	6.65 	5.21 	5.67 	5.82 	5.57 	6.01 	7.55 	8.15 	7.28 	7.51 	7.42 	7.74 	7.74 	7.69 	7.47 	7.81 	7.93 	8.83 	9.56 	9.37 	9.24 	9.55 	9.17 	9.89 	9.45 	9.29 	9.94 	9.94 	10.29 	11.27 	10.99 	11.20 	12.10 	11.77 	12.11 	12.05 	13.42 	13.14 	14.84 	14.60 	15.00 	14.00 	14.00 	15.00 	13.00 	13.00 	15.00 	14.00 
A3120,M12,THS_HD,LV	: 	32.64 	35.49 	37.76 	37.57 	39.47 	44.26 	42.96 	46.58 	52.50 	50.18 	47.61 	52.90 	51.93 	51.50 	48.80 	48.80 	47.80 	47.50 	38.70 	37.10 	43.60 	46.10 	39.60 	70.30 	71.00 	87.50 	129.60 	183.50 	191.10 	211.70 	215.30 	223.10 	: 	: 	: 	: 	: 	: 	: 	: 	: 	: 	: 	: 	: 	: 	: 	: 	: 	: 
A3120,M12,THS_HD,ME	: 	1.50 p	2.00 p	2.00 p	2.00 	2.00 	2.00 	2.32 	: 	: 	: 	: 	: 	: 	: 	: 	: 	: 	: 	: 	: 	: 	: 	: 	: 	: 	: 	: 	: 	: 	: 	: 	: 	: 	: 	: 	: 	: 	: 	: 	: 	: 	: 	: 	: 	: 	: 	: 	: 	: 	: 
A3120,M12,THS_HD,MK	: 	23.00 	26.00 	28.00 	20.00 	21.00 	25.00 	24.00 	: 	: 	: 	: 	: 	: 	: 	: 	: 	: 	: 	: 	: 	: 	: 	: 	: 	: 	: 	: 	: 	: 	: 	: 	: 	: 	: 	: 	: 	: 	: 	: 	: 	: 	: 	: 	: 	: 	: 	: 	: 	: 	: 
A3120,M12,THS_HD,MT	: 	3.64 	3.46 	3.66 	4.04 	4.35 	4.97 	4.97 	4.72 	6.37 	6.85 	6.98 	7.22 	7.84 	7.91 	7.98 	7.75 	7.39 	7.75 	: 	: 	: 	: 	: 	: 	: 	: 	: 	: 	: 	: 	: 	: 	: 	: 	: 	: 	: 	: 	: 	: 	: 	: 	: 	: 	: 	: 	: 	: 	: 	: 
A3120,M12,THS_HD,NL	: 	970.00 	1066.00 	1022.00 	1053.00 	1106.00 	1095.00 	1081.00 	1106.00 	1098.00 	1100.00 	1025.00 	1060.00 	1050.00 	1100.00 	1125.00 	1052.00 	1140.00 	1161.00 	1272.00 	1320.00 	1368.00 	1422.00 	1483.00 	1447.00 	1457.00 	1475.00 	1455.00 	1505.00 	1455.00 	1449.00 	1470.00 	1546.00 	1625.00 	1469.00 	1324.00 	1274.00 	1229.00 	1173.00 	1236.00 	1198.00 	1178.00 	1020.00 	945.00 	886.00 	878.00 	864.00 	798.00 	768.00 	856.00 	693.00 
A3120,M12,THS_HD,PL	: 	744.60 	908.10 	859.00 	814.40 	956.29 	955.14 	1012.11 	1124.95 	1328.24 	1360.81 	1278.83 	1587.37 	1786.40 	1808.08 	1648.46 	1704.69 	1820.66 	1672.52 	1544.50 	1703.40 	1879.50 	1757.30 	1636.90 	1856.30 	1769.50 	1598.30 	1886.90 	1951.60 	1963.60 	1791.00 	1915.70 	1942.10 	: 	: 	: 	: 	: 	: 	: 	: 	: 	: 	: 	: 	: 	: 	: 	: 	: 	: 
A3120,M12,THS_HD,PT	: 	236.06 	235.64 	233.25 	240.14 	234.34 	222.62 	226.52 	231.16 	240.82 	244.10 	249.89 	253.41 	255.92 	260.42 	261.38 	255.44 	265.29 	288.92 	304.84 	326.27 	325.00 	334.00 	330.00 	333.00 	330.00 	: 	: 	: 	: 	: 	: 	: 	: 	: 	: 	: 	: 	: 	: 	: 	: 	: 	: 	: 	: 	: 	: 	: 	: 	: 
A3120,M12,THS_HD,RO	: 	308.80 	349.90 	361.20 	374.60 	378.30 	383.80 	398.70 	380.60 	355.60 	359.30 	376.40 	442.50 	520.45 	494.10 	425.60 	335.00 	579.00 	517.00 	323.00 	405.00 	515.00 	506.00 	584.00 	590.00 	576.00 	678.00 	792.00 	771.00 	951.00 	1023.00 	1099.00 	1091.00 	: 	: 	: 	: 	: 	: 	: 	: 	: 	: 	: 	: 	: 	: 	: 	: 	: 	: 
A3120,M12,THS_HD,RS	: 	422.00 	427.00 	433.00 	445.00 	464.00 	442.00 	458.00 e	485.00 	519.00 	521.00 	502.00 	550.00 	622.00 	: 	: 	: 	: 	: 	: 	: 	: 	: 	: 	: 	: 	: 	: 	: 	: 	: 	: 	: 	: 	: 	: 	: 	: 	: 	: 	: 	: 	: 	: 	: 	: 	: 	: 	: 	: 	: 
A3120,M12,THS_HD,SE	: 	123.10 	131.50 	139.80 	141.10 	144.20 	149.00 	140.90 	151.80 	154.60 	159.00 	168.00 	174.80 	177.31 	191.90 	195.10 	204.00 	208.00 	214.43 	205.50 	206.30 	238.10 	262.00 	269.00 	274.00 	252.00 	: 	: 	: 	: 	: 	: 	: 	: 	: 	: 	: 	: 	: 	: 	: 	: 	: 	: 	: 	: 	: 	: 	: 	: 	: 
A3120,M12,THS_HD,SI	: 	18.65 	20.47 	19.23 	20.30 	20.82 	22.92 	23.44 	28.71 	33.61 	38.04 	41.86 	47.00 	52.24 	52.90 	47.33 	55.80 	57.57 	55.65 	56.99 	51.18 	52.21 	52.83 	47.90 	56.23 	55.85 	55.13 	55.51 	51.89 	57.87 	58.00 	57.00 	59.00 	: 	: 	: 	: 	: 	: 	: 	: 	: 	: 	: 	: 	: 	: 	: 	: 	: 	: 
A3120,M12,THS_HD,SK	: 	52.80 	57.14 	50.71 	53.36 e	65.82 	58.17 	57.30 	52.46 	55.13 	57.71 	63.48 	81.11 	105.43 	112.59 	113.72 	143.92 	171.78 	162.93 	181.81 	189.87 	203.00 	215.00 	231.00 	244.00 	238.00 	237.00 	255.00 	270.00 	283.00 	297.00 	302.00 	303.00 	: 	: 	: 	: 	: 	: 	: 	: 	: 	: 	: 	: 	: 	: 	: 	: 	: 	: 
A3120,M12,THS_HD,UK	: 	490.00 	490.00 	490.00 	488.00 	473.00 	482.00 	494.00 	484.00 	491.00 	481.00 	487.00 	498.00 	524.00 	504.52 	541.43 	572.55 	585.54 	609.35 	652.95 	750.35 	796.96 	912.49 	887.91 	850.26 	880.50 	905.95 	901.77 	882.44 	868.02 	851.45 	842.24 	914.94 	921.62 	926.25 	913.06 	879.47 	984.15 	942.16 	907.00 	907.52 	954.85 	912.00 	979.00 	955.00 	898.00 	1130.00 	: 	: 	: 	: 
A3120,M12,THS_HD,XK	: 	10.19 	10.09 	11.47 	12.83 	: 	: 	: 	: 	: 	: 	: 	: 	: 	: 	: 	: 	: 	: 	: 	: 	: 	: 	: 	: 	: 	: 	: 	: 	: 	: 	: 	: 	: 	: 	: 	: 	: 	: 	: 	: 	: 	: 	: 	: 	: 	: 	: 	: 	: 	: 
A3120K,M04,THS_HD,AT	: 	: 	: 	: 	: 	: 	: 	: 	: 	: 	: 	: 	: 	: 	: 	: 	: 	: 	: 	: 	235.0 	251.7 	246.2 	242.9 	249.1 	236.0 	243.1 	: 	: 	: 	: 	: 	: 	: 	: 	: 	: 	: 	: 	: 	: 	: 	: 	: 	: 	: 	: 	: 	: 	: 	: 
A3120K,M04,THS_HD,BE	: 	: 	: 	: 	: 	: 	: 	: 	: 	: 	: 	: 	: 	: 	: 	: 	: 	497.0 	520.5 	543.2 	555.6 	564.8 	538.0 	546.4 	536.2 	541.1 	535.4 	514.1 	509.5 	527.3 	496.0 	501.0 	469.0 	440.4 	423.1 	410.0 	427.5 	402.0 	417.0 	414.1 	410.3 	413.0 	406.0 	393.0 	384.0 	425.0 	387.0 	0.0 	0.0 	0.0 	0.0 
A3120K,M04,THS_HD,BG	: 	: 	: 	: 	: 	: 	: 	: 	: 	: 	: 	: 	: 	: 	: 	: 	: 	: 	: 	: 	: 	: 	: 	236.0 	: 	187.0 	265.0 	295.0 	376.0 	373.0 	367.0 	335.0 	325.0 	: 	: 	: 	: 	: 	: 	: 	: 	: 	: 	: 	: 	: 	: 	: 	: 	: 	: 
A3120K,M04,THS_HD,CZ	: 	: 	: 	: 	: 	: 	: 	: 	: 	: 	: 	158.1 	206.2 	209.0 	214.0 	220.0 	252.0 	: 	: 	: 	: 	: 	: 	: 	: 	: 	: 	: 	: 	: 	: 	: 	: 	: 	: 	: 	: 	: 	: 	: 	: 	: 	: 	: 	: 	: 	: 	: 	: 	: 	: 
A3120K,M04,THS_HD,DE	: 	: 	: 	: 	: 	: 	: 	: 	: 	: 	: 	: 	: 	: 	: 	: 	: 	: 	: 	: 	: 	1824.0 	1733.3 	1700.1 	1760.8 	1845.5 	1968.9 	1950.4 	1965.7 	0.0 	: 	: 	: 	: 	: 	: 	: 	: 	: 	: 	: 	: 	: 	: 	: 	: 	: 	: 	: 	: 	: 
A3120K,M04,THS_HD,DK	: 	: 	: 	: 	: 	: 	: 	: 	: 	: 	: 	798.0 p	890.0 	829.0 	874.0 	877.0 	867.0 	876.0 	859.0 	783.0 	802.0 	795.0 	768.0 	742.0 	751.0 	724.0 	733.0 	730.0 	668.0 	671.0 	659.0 	645.0 	650.0 	669.0 	639.0 	602.0 	629.0 	637.0 	642.0 	673.0 	660.0 	620.0 	569.0 	568.0 	533.0 	567.0 	0.0 	: 	: 	: 	: 
A3120K,M04,THS_HD,EL	: 	: 	: 	: 	: 	: 	: 	: 	: 	: 	: 	: 	: 	: 	: 	: 	: 	: 	: 	: 	: 	: 	: 	: 	92.4 	90.4 	92.0 	80.0 	76.1 	95.5 	106.8 	96.0 	95.6 	94.0 	94.0 	91.0 	108.0 	108.2 	134.2 	: 	: 	: 	: 	: 	: 	: 	: 	: 	: 	: 	: 
A3120K,M04,THS_HD,ES	: 	: 	: 	: 	: 	: 	: 	: 	: 	: 	: 	1674.3 	1917.0 	1750.8 	1716.9 	1713.9 	1673.9 	1699.5 	1600.0 	1570.4 	1620.0 	1580.0 	1432.0 	1350.0 	1415.0 	1384.0 	1434.5 	1284.8 	1210.3 	1213.2 	1140.3 	1266.5 	1242.0 	838.4 	1010.7 	1082.3 	: 	: 	: 	: 	: 	: 	: 	: 	: 	: 	: 	: 	: 	: 	: 
A3120K,M04,THS_HD,FI	: 	: 	: 	: 	: 	: 	: 	: 	: 	: 	: 	: 	: 	: 	: 	: 	: 	: 	: 	: 	131.0 	134.6 	131.6 	131.4 	113.3 	113.4 	: 	: 	: 	: 	: 	: 	: 	: 	: 	: 	: 	: 	: 	: 	: 	: 	: 	: 	: 	: 	: 	: 	: 	: 	: 
A3120K,M04,THS_HD,FR	: 	: 	: 	: 	: 	: 	: 	: 	: 	: 	: 	: 	: 	: 	: 	: 	: 	: 	: 	: 	: 	1082.6 	1049.7 	1029.5 	982.7 	940.3 	883.5 	844.3 	780.0 	737.0 	724.0 	702.0 	767.0 	712.0 	698.0 	702.0 	734.0 	740.0 	729.0 	719.0 	696.0 	729.0 	745.0 	819.0 	851.0 	803.0 	767.0 	770.0 	729.0 	719.0 	690.0 
A3120K,M04,THS_HD,HU	: 	: 	: 	: 	: 	: 	: 	: 	: 	: 	: 	211.0 	245.0 	240.0 	243.0 	249.0 	289.0 	300.0 	278.0 	302.0 	236.0 	205.0 	266.0 	: 	: 	: 	: 	: 	: 	: 	: 	: 	: 	: 	: 	: 	: 	: 	: 	: 	: 	: 	: 	: 	: 	: 	: 	: 	: 	: 	: 
A3120K,M04,THS_HD,IE	: 	: 	: 	: 	: 	: 	: 	: 	: 	: 	: 	: 	: 	: 	: 	: 	: 	: 	: 	: 	: 	: 	132.1 	129.8 	121.5 	126.4 	126.3 	119.8 	107.3 	98.3 	84.4 	78.1 	76.7 	76.5 	78.0 	77.7 	81.7 	79.9 	77.5 	76.3 	82.0 	79.2 	65.7 	69.7 	57.3 	58.4 	0.0 	: 	: 	: 	: 
A3120K,M04,THS_HD,IT	: 	: 	: 	: 	: 	: 	: 	: 	: 	: 	: 	: 	: 	: 	: 	: 	: 	: 	: 	: 	: 	531.0 	520.0 	529.0 	528.0 	531.0 	545.2 	547.7 	565.3 	576.8 	565.2 	575.5 	572.5 	569.2 	592.0 	597.1 	596.7 	589.8 	594.3 	581.5 	579.6 	586.0 	628.0 	593.0 	537.0 	517.0 	481.0 	450.0 	405.0 	455.0 	439.0 
A3120K,M04,THS_HD,LU	: 	: 	: 	: 	: 	: 	: 	: 	: 	: 	: 	: 	: 	: 	: 	: 	: 	: 	: 	: 	: 	: 	: 	: 	6.2 	6.3 	6.4 	6.5 	6.1 	6.7 	7.5 	7.9 	7.4 	7.7 	7.5 	7.6 	7.9 	7.9 	8.3 	9.0 	8.8 	10.0 	10.0 	10.0 	9.0 	10.0 	9.0 	9.0 	9.0 	10.0 	9.0 
A3120K,M04,THS_HD,MT	: 	: 	: 	: 	: 	: 	: 	: 	: 	: 	: 	: 	: 	: 	: 	: 	: 	: 	: 	6.9 	7.2 	: 	: 	: 	: 	: 	: 	: 	: 	: 	: 	: 	: 	: 	: 	: 	: 	: 	: 	: 	: 	: 	: 	: 	: 	: 	: 	: 	: 	: 	: 
A3120K,M04,THS_HD,NL	: 	: 	: 	: 	: 	: 	: 	: 	: 	: 	: 	744.0 	740.0 	710.0 	722.7 	731.0 	723.0 	762.0 	814.0 	859.0 	894.0 	988.0 	999.0 	905.0 	940.6 	987.0 	987.0 	968.0 	940.0 	918.0 	934.0 	970.0 	986.0 	905.0 	832.0 	759.0 	753.0 	715.0 	745.0 	731.0 	692.0 	666.0 	590.0 	532.0 	518.0 	512.0 	473.0 	447.0 	433.0 	432.0 	340.0 
A3120K,M04,THS_HD,PL	: 	: 	: 	: 	: 	: 	: 	: 	: 	: 	: 	918.3 p	1136.9 	1217.2 	1166.7 	1053.7 	1190.6 	1231.3 	1084.9 	1061.5 	1106.8 	1182.3 	1033.2 	1006.1 	1090.1 	1003.6 	913.1 	1174.2 	1178.5 	942.2 	952.4 	1100.8 	1023.0 	: 	: 	: 	: 	: 	: 	: 	: 	: 	: 	: 	: 	: 	: 	: 	: 	: 	: 
A3120K,M04,THS_HD,PT	: 	: 	: 	: 	: 	: 	: 	: 	: 	: 	: 	: 	: 	: 	: 	: 	: 	: 	: 	: 	: 	: 	: 	: 	209.1 	209.1 	225.0 	228.0 	216.0 	216.0 	210.0 	199.0 	202.0 	: 	: 	: 	: 	: 	: 	: 	: 	: 	: 	: 	: 	: 	: 	: 	: 	: 	: 
A3120K,M04,THS_HD,RO	: 	: 	: 	: 	: 	: 	: 	: 	: 	: 	: 	217.1 p	238.9 	332.1 	237.5 	: 	: 	: 	: 	: 	: 	: 	: 	: 	: 	: 	: 	: 	: 	: 	: 	: 	: 	: 	: 	: 	: 	: 	: 	: 	: 	: 	: 	: 	: 	: 	: 	: 	: 	: 	: 
A3120K,M04,THS_HD,SE	: 	: 	: 	: 	: 	: 	: 	: 	: 	: 	: 	: 	: 	: 	: 	: 	: 	: 	: 	: 	: 	: 	: 	: 	202.0 	205.0 	: 	: 	: 	: 	: 	: 	: 	: 	: 	: 	: 	: 	: 	: 	: 	: 	: 	: 	: 	: 	: 	: 	: 	: 	: 
A3120K,M04,THS_HD,SI	: 	: 	: 	: 	: 	: 	: 	: 	: 	: 	: 	: 	: 	: 	: 	: 	: 	: 	: 	: 	43.1 	29.0 	29.0 	: 	: 	: 	: 	: 	: 	: 	: 	: 	: 	: 	: 	: 	: 	: 	: 	: 	: 	: 	: 	: 	: 	: 	: 	: 	: 	: 	: 
A3120K,M04,THS_HD,SK	: 	: 	: 	: 	: 	: 	: 	: 	: 	: 	: 	: 	: 	: 	: 	: 	: 	: 	: 	: 	: 	132.0 	147.0 	156.0 	157.0 	161.0 	156.0 	161.0 	162.0 	163.0 	165.0 	163.0 	158.0 	: 	: 	: 	: 	: 	: 	: 	: 	: 	: 	: 	: 	: 	: 	: 	: 	: 	: 
A3120K,M04,THS_HD,UK	: 	: 	: 	: 	: 	: 	: 	: 	: 	: 	: 	: 	: 	: 	: 	: 	: 	: 	: 	: 	521.8 	626.6 	612.1 	578.7 	599.2 	617.1 	630.2 	611.0 	609.7 	619.5 	589.7 	637.7 	663.6 	664.9 	643.6 	594.5 	676.3 	653.2 	628.2 	595.8 	615.0 	596.0 	589.0 	596.0 	555.0 	618.0 	0.0 	: 	: 	: 	: 
A3120K,M05_M06,THS_HD,AT	154.87 	158.51 	164.34 	161.95 	167.28 	172.00 	179.79 	187.50 	193.11 	200.87 	204.69 	210.84 	213.75 	215.12 	226.59 	221.99 	229.42 	227.56 	227.58 	224.21 	: 	: 	: 	: 	: 	: 	: 	: 	: 	: 	: 	: 	: 	: 	: 	: 	: 	: 	: 	: 	: 	: 	: 	: 	: 	: 	: 	: 	: 	: 	: 
A3120K,M05_M06,THS_HD,BE	324.55 	335.98 	343.52 	353.85 	350.41 	376.54 	392.05 	401.67 	415.98 	419.76 	427.67 	430.03 	447.72 	458.20 	462.36 	463.45 	495.66 	518.59 	532.00 	546.61 	566.71 	583.59 	: 	: 	: 	: 	: 	: 	: 	: 	: 	: 	: 	: 	: 	: 	: 	: 	: 	: 	: 	: 	: 	: 	: 	: 	: 	: 	: 	: 	: 
A3120K,M05_M06,THS_HD,BG	: 	: 	: 	: 	: 	: 	: 	: 	: 	: 	: 	: 	: 	55.72 	: 	64.10 	66.90 	58.70 	65.30 	: 	207.00 	: 	: 	: 	: 	: 	: 	: 	: 	: 	: 	: 	: 	: 	: 	: 	: 	: 	: 	: 	: 	: 	: 	: 	: 	: 	: 	: 	: 	: 	: 
A3120K,M05_M06,THS_HD,DE	1299.50 	1361.90 	1396.34 	1407.20 	1477.43 e	1509.31 	1479.33 	1582.79 	1626.51 	1625.58 	1657.17 	1698.02 	1799.03 	1766.03 	1795.67 	1749.15 	1800.77 	1808.97 	1819.13 	1768.83 	1836.49 	: 	: 	: 	: 	: 	: 	: 	: 	: 	: 	: 	: 	: 	: 	: 	: 	: 	: 	: 	: 	: 	: 	: 	: 	: 	: 	: 	: 	: 	: 
A3120K,M05_M06,THS_HD,DK	768.00 	793.00 	771.00 	760.00 	784.00 	795.00 	783.00 	783.00 	797.00 	826.00 	845.00 	810.00 	875.00 	880.00 	: 	: 	: 	: 	: 	852.00 	: 	: 	: 	: 	: 	: 	: 	: 	: 	: 	: 	: 	: 	: 	: 	: 	: 	: 	: 	: 	: 	: 	: 	: 	: 	: 	: 	: 	: 	: 	: 
A3120K,M05_M06,THS_HD,ES	1724.63 p	1668.83 	1728.48 	1577.09 	1657.14 	1629.21 	1542.40 	1634.46 	1683.32 	1714.64 	1676.25 	: 	1801.42 	: 	: 	: 	: 	: 	: 	: 	: 	: 	: 	: 	: 	: 	: 	: 	: 	: 	: 	: 	: 	: 	: 	: 	: 	: 	: 	: 	: 	: 	: 	: 	: 	: 	: 	: 	: 	: 	: 
A3120K,M05_M06,THS_HD,FI	: 	: 	: 	: 	: 	: 	: 	: 	: 	: 	: 	: 	: 	: 	136.40 	136.90 	134.60 	128.90 	128.70 	131.20 	: 	: 	: 	: 	: 	: 	: 	: 	: 	: 	: 	: 	: 	: 	: 	: 	: 	: 	: 	: 	: 	: 	: 	: 	: 	: 	: 	: 	: 	: 	: 
A3120K,M05_M06,THS_HD,FR	680.00 	696.00 	713.00 	710.00 p	756.00 	764.00 	774.00 	792.00 	820.00 	825.00 	851.00 	861.00 	888.00 	902.00 	920.00 	921.00 	916.00 	924.00 	904.19 	1055.00 	1056.00 	1082.60 	: 	: 	: 	: 	: 	: 	: 	: 	: 	: 	: 	: 	: 	: 	: 	: 	: 	: 	: 	: 	: 	: 	: 	: 	: 	: 	: 	: 	: 
A3120K,M05_M06,THS_HD,HU	161.00 	174.00 	171.00